id;name;created_at;department_id
0b3d47a4-fb51-4039-80a6-e37387b5b088;เครื่องแพ็คแนวนอน FUJI;2026-06-06 03:58:28.068488+00;55aec469-0286-485e-be17-ad143ea8ddd2
8fb60919-05a3-47e7-9f76-6458062c494a;เครื่องแพ็คแนวนอน HOPACK;2026-06-06 03:59:30.036971+00;55aec469-0286-485e-be17-ad143ea8ddd2
a6fd5768-3767-4f5a-b59e-37c54a766d19;เครื่อง INKJET(ยิงซอง+กล่องใน);2026-06-06 04:04:41.446349+00;55aec469-0286-485e-be17-ad143ea8ddd2
3b9c8b03-1b6b-46a8-91a1-c68f9427058e;เตาอบ;2026-06-06 01:59:40.804528+00;cb81f986-eec5-4eac-9b62-1a371fe8ebb8
c8eb35d4-590a-4933-a62e-bb37e07870ef;โอ่งคลุกขนม;2026-06-06 02:00:56.900775+00;cb81f986-eec5-4eac-9b62-1a371fe8ebb8
1d4b301a-55da-462e-83a0-d444bc0ae82d;สายพานลำเลียง;2026-06-06 02:02:21.096347+00;cb81f986-eec5-4eac-9b62-1a371fe8ebb8
4523075d-8201-4466-86b4-996fcd7f6068;เครื่องป้อนเครื่องปรุง;2026-06-06 02:05:10.774799+00;cb81f986-eec5-4eac-9b62-1a371fe8ebb8
a93975a6-035d-436d-b0f7-7b422a47b1f5;เครื่องป้อนข้าวโพดเข้าเตา;2026-06-06 02:06:01.716423+00;cb81f986-eec5-4eac-9b62-1a371fe8ebb8
44847c92-9e77-4588-a88d-276cec5f1b36;ถังเก็บน้ำมัน+น้ำเชื่อม;2026-06-06 02:10:18.138777+00;cb81f986-eec5-4eac-9b62-1a371fe8ebb8
988510c2-0933-4f6f-afb6-97d6c6763f75;เครื่องลากตัด;2026-06-06 02:12:19.927563+00;cb81f986-eec5-4eac-9b62-1a371fe8ebb8
1c8748f4-96bb-451f-a8ac-b55d6c82dd7c;เครื่องผสมครีม;2026-06-06 02:14:00.401764+00;cb81f986-eec5-4eac-9b62-1a371fe8ebb8
732c99c8-4958-4577-a947-02704dae8fdc;เครื่องตีแป้ง;2026-06-06 02:15:30.128487+00;cb81f986-eec5-4eac-9b62-1a371fe8ebb8
d6968cf7-550a-4991-bad4-638935a88c22;เครื่องเวเฟอร์;2026-06-06 02:16:16.117906+00;cb81f986-eec5-4eac-9b62-1a371fe8ebb8
64830cae-c233-4ec4-ac5c-f79472ba5a3b;เครื่องยิง TWIN SCREW;2026-06-06 02:17:30.915457+00;cb81f986-eec5-4eac-9b62-1a371fe8ebb8
90d449bb-88b9-4c0b-b2df-99b7aa597062;เครื่องถังฉีดครีมเครื่องยิง;2026-06-06 02:18:50.393687+00;cb81f986-eec5-4eac-9b62-1a371fe8ebb8
5ac00c76-3673-4b10-96c7-505b59475d0d;ถังพักครีมเครื่องยิง;2026-06-06 02:19:43.870257+00;cb81f986-eec5-4eac-9b62-1a371fe8ebb8
b2cbb4ff-7d5d-4cc2-a6e8-d4639d1eef01;เครื่องสอดไส้เวเฟอร์;2026-06-06 02:20:41.092778+00;cb81f986-eec5-4eac-9b62-1a371fe8ebb8
cb6b3dfa-c7f7-4c49-b149-fe813e0ac371;ถังฉีดแป้ง;2026-06-06 02:22:07.575327+00;cb81f986-eec5-4eac-9b62-1a371fe8ebb8
f15faaa4-ee38-49d8-9a94-24dad95424b2;ถังพักครีมเวเฟอร์;2026-06-06 02:24:12.518009+00;cb81f986-eec5-4eac-9b62-1a371fe8ebb8
8225183e-fa64-48fd-8d72-27c454e178fb;เครื่องสลัดลาย;2026-06-06 02:25:28.968357+00;cb81f986-eec5-4eac-9b62-1a371fe8ebb8
eb8dce6e-4a8c-4e1e-94ee-30984a61800f;เครื่องอัดลูกอม;2026-06-06 02:26:51.275334+00;cb81f986-eec5-4eac-9b62-1a371fe8ebb8
bdda301f-fa50-4dcb-aa05-1488c1e3977b;เครื่องผสมละเอียด (Premix );2026-06-06 02:28:21.334412+00;cb81f986-eec5-4eac-9b62-1a371fe8ebb8
a8221595-0774-48c7-9215-807ff9755c77;แท่นสกรูส่งวัตถุดิบ ชนิดผงกระบอก;2026-06-06 02:29:06.264888+00;cb81f986-eec5-4eac-9b62-1a371fe8ebb8
aaa8220f-67a4-45f1-82d5-ed9ffd2931e5;สายพานระบายความร้อน;2026-06-06 02:29:50.940315+00;cb81f986-eec5-4eac-9b62-1a371fe8ebb8
d20ec902-fa51-43ba-9686-054dae0b7254;ปั้มลมสกรู;2026-06-06 02:30:39.150205+00;cb81f986-eec5-4eac-9b62-1a371fe8ebb8
cee4bac9-45b4-4d53-9b29-1d4c115720eb;เครื่อง SMARTPACK;2026-06-06 03:21:47.473756+00;55aec469-0286-485e-be17-ad143ea8ddd2
b93b4434-5fe8-41c2-ba79-67512c3c1ad8;เครื่องรีด;2026-06-06 03:23:46.542756+00;55aec469-0286-485e-be17-ad143ea8ddd2
eaa04618-e539-4003-ae64-526230033070;เครื่องปั้มลมสกูร;2026-06-06 03:39:39.476462+00;55aec469-0286-485e-be17-ad143ea8ddd2
f052e305-1b1f-467d-ad13-3580f379cff3;แอร์ไดเออร์;2026-06-06 03:41:42.290691+00;55aec469-0286-485e-be17-ad143ea8ddd2
7110c454-c2ce-46e0-ad17-5c590abf8361;เครื่องห่อฟิล์ม;2026-06-06 03:45:14.583888+00;55aec469-0286-485e-be17-ad143ea8ddd2
dcb2c558-a663-4ba3-97b8-95658dc14ffc;เครื่อง ตัด L-SEAL;2026-06-06 03:52:19.934134+00;55aec469-0286-485e-be17-ad143ea8ddd2
2b27c028-4141-47c7-9afb-068cf6e46cff;เครื่องพิมพ์วันที่(ยิงกล่องนอก);2026-06-06 04:06:02.576039+00;55aec469-0286-485e-be17-ad143ea8ddd2
66d724a6-0a02-4f94-8b5e-ca5c5dfb5855;เครื่องพิมพ์วันที่ LASER;2026-06-06 04:07:29.470978+00;55aec469-0286-485e-be17-ad143ea8ddd2
fd0f8f24-436d-437e-9027-f2d749e6701b;สายพานลำเลียงแบบต่อเนื่อง;2026-06-06 04:08:05.720372+00;55aec469-0286-485e-be17-ad143ea8ddd2
b282ac00-3502-468d-9e8b-98c6a30ae660;เครื่องแพ็คฝากระป๋อง;2026-06-06 04:08:57.184928+00;55aec469-0286-485e-be17-ad143ea8ddd2
152607f6-38fd-44ca-9acd-7d67412bba06;เครื่องตรวจจับโลหะ;2026-06-06 04:09:43.307096+00;55aec469-0286-485e-be17-ad143ea8ddd2
21f2ba87-c305-4125-bbbf-7d5aa8a95cf2;เครื่องผลิตไนโตรเจน;2026-06-06 04:12:32.021984+00;55aec469-0286-485e-be17-ad143ea8ddd2
a6634b71-38ea-4627-8cf8-a4fac282a6e4;เครื่องปิดฝาฟอย;2026-06-06 04:35:15.61955+00;55aec469-0286-485e-be17-ad143ea8ddd2
76b5ca61-5bdf-4e0b-a90a-7543fd9aff3c;เครื่องปล่อยกล่องอัตโนมัติ;2026-06-06 04:37:19.741295+00;55aec469-0286-485e-be17-ad143ea8ddd2
01162a31-47d8-45db-81df-18541c99859e;เครื่องปิดปากกล่อง;2026-06-06 04:39:17.852756+00;55aec469-0286-485e-be17-ad143ea8ddd2
a662b9d2-6065-49dc-8e78-4e40f39a0f26;เครื่องบรรจุสี่เหลี่ยม;2026-06-06 04:39:51.614569+00;55aec469-0286-485e-be17-ad143ea8ddd2
22a2ca21-54ec-4727-891a-1361d4efe96c;โฟล์คลิฟท์น้ำมัน;2026-06-08 01:24:29.811634+00;7d38fe14-8dc9-4b09-8d0c-95bf62568b93
7784de97-4c89-408a-87d5-f785dcdcb314;โฟล์คลิฟท์ไฟฟ้า;2026-06-08 01:27:07.137052+00;7d38fe14-8dc9-4b09-8d0c-95bf62568b93
797cfb7c-41f5-4f95-a408-1d339c3841d4;แฮนด์ลิฟท์;2026-06-08 03:09:15.052271+00;7d38fe14-8dc9-4b09-8d0c-95bf62568b93
dd226b8a-63ed-4de9-82a5-6e2dd947be37;แฮนด์ลิฟท์ตาชั่ง;2026-06-08 06:33:29.083396+00;c0e97601-f8e7-4843-88cd-e6c9f70bc877
55fad102-58b8-4ed2-9a00-8770a0eabf40;แฮนด์ลิฟท์สโตร์;2026-06-08 06:35:01.792047+00;c0e97601-f8e7-4843-88cd-e6c9f70bc877
328211b8-26d6-4a83-b2ee-328143ca3855;โฟล์คลิฟท์ไฟฟ้าสโตร์;2026-06-08 06:38:31.942101+00;c0e97601-f8e7-4843-88cd-e6c9f70bc877
347f4266-d8a3-40ce-8211-08f483372408;เครื่อง FUJI TYPE FW-77;2026-06-09 01:20:05.78854+00;55aec469-0286-485e-be17-ad143ea8ddd2
ed438e9e-f1f6-424c-9024-b0f86509d249;อื่นๆ;2026-07-01 08:29:41.147547+00;7d38fe14-8dc9-4b09-8d0c-95bf62568b93
adb443a5-1888-4830-a0d6-bd78bbc7292b;แอร์;2026-07-02 03:19:52.855145+00;1b4a7a7e-30a9-4325-a7de-003feddb4126
345306ff-af94-4a88-8959-3ef69a24ae24;อื่นๆ (สโตร์);2026-07-06 01:16:14.070481+00;c0e97601-f8e7-4843-88cd-e6c9f70bc877
8568e49e-eef5-4361-aaf6-76d025693e77;อื่นๆ (คิวซี);2026-07-06 01:31:38.967247+00;1b4a7a7e-30a9-4325-a7de-003feddb4126
a3e64439-c1fa-4645-b93a-2880d8809946;อื่นๆ (HR);2026-07-06 01:41:24.916211+00;26c15678-1332-4304-9cff-7387607115ff
5f88d626-bc92-4625-8fb6-10ff8cb5b655;อื่นๆ (RD);2026-07-06 01:43:56.804235+00;96d45601-b560-41c9-9546-f8f773bf9703
60fdb7f3-75ed-46f3-8c68-76cea1818c8c;ปืนกาว-ระบบลม-เครื่องชั่ง-ปลั๊กไฟเครื่องจักร;2026-07-06 02:45:28.855018+00;55aec469-0286-485e-be17-ad143ea8ddd2
4bddcd3a-5051-4595-8a09-3afe48fc8dfc;ทั่วไป;2026-07-06 02:48:42.97564+00;55aec469-0286-485e-be17-ad143ea8ddd2
3f463100-d4f4-4b12-a205-54cfabbdd77a;อื่นๆ (ผลิต);2026-07-06 03:24:12.507914+00;cb81f986-eec5-4eac-9b62-1a371fe8ebb8
32ef7fab-ec72-4e78-8d94-67669bb1e558;เครื่องบดน้ำตาล;2026-07-13 03:12:00.293523+00;c0e97601-f8e7-4843-88cd-e6c9f70bc877
6a73ba57-b80f-44cf-abf2-26a628226b4f;สายพานลำเลียงแบบเอียง;2026-06-06 03:26:42.238671+00;55aec469-0286-485e-be17-ad143ea8ddd2
2d541697-f2f7-48c2-89d3-496f4d41eb0f;เครื่องซิลแบบเท้าเหยียบ  รุ่น PFS – 4 - 450;2026-06-06 04:38:38.063772+00;96d45601-b560-41c9-9546-f8f773bf9703
611742b5-e828-4b02-9398-70c3e88b402c;เครื่องผสม;2026-06-06 02:06:39.665968+00;c0e97601-f8e7-4843-88cd-e6c9f70bc877
ed7e922f-4885-48ca-b212-5e1c4b2bd088;เครื่องร่อนแป้ง;2026-06-06 02:27:28.965445+00;c0e97601-f8e7-4843-88cd-e6c9f70bc877
c721925f-3ae1-4c88-9444-0c0fe6ef1b9f;แฮนด์ลิฟท์บรรจุ;2026-07-15 06:37:31.243625+00;55aec469-0286-485e-be17-ad143ea8ddd2
99d3232b-2082-4b01-bd08-e740122f52cf;แอร์ แผนกบรรจุ;2026-07-16 06:54:32.81464+00;55aec469-0286-485e-be17-ad143ea8ddd2
7b7b3967-29cd-4097-8020-01b6e2d82209;สายพานลำเลียงแบบราบ;2026-06-06 03:28:28.02676+00;55aec469-0286-485e-be17-ad143ea8ddd2
bf714b82-b7ad-451b-86ce-c9395469f118;แอร์ แผนก RD;2026-07-17 07:34:24.837365+00;96d45601-b560-41c9-9546-f8f773bf9703
a280c88e-0f0b-4ed0-bf10-c3e1742da5be;เครื่องผสม แผนกผลิต;2026-07-18 01:40:57.544872+00;cb81f986-eec5-4eac-9b62-1a371fe8ebb8
d19cba69-c708-4473-9392-7c3a3be6ee46;แอร์ แผนก ผลิต;2026-07-18 02:51:48.8337+00;cb81f986-eec5-4eac-9b62-1a371fe8ebb8
9298ff5a-7053-47b0-acd9-a1ca4cdac19d;แอร์  แผนกสโตร์;2026-07-18 06:53:58.095798+00;c0e97601-f8e7-4843-88cd-e6c9f70bc877
718a5daa-2788-4fa8-a069-774e61e99e58;โฟล์คลิฟท์น้ำมัน    แผนก สโตร์;2026-07-18 07:12:46.300332+00;c0e97601-f8e7-4843-88cd-e6c9f70bc877
0e62dd43-ab32-4b11-a99b-b15988fb9fc8;แฮนด์ลิฟท์ผลิต;2026-07-18 07:47:14.002169+00;cb81f986-eec5-4eac-9b62-1a371fe8ebb8
8c5dd863-66be-440b-97e7-320b1b4e58c4;แฮนด์ลิฟท์ (CN);2026-07-18 07:56:59.097533+00;39bdf2ff-43df-49a5-8f70-8b43ff60ac54
218b16d6-f5fb-4a33-bc6a-555ff1e429bb;อื่นๆ (CN);2026-07-18 07:59:40.841673+00;39bdf2ff-43df-49a5-8f70-8b43ff60ac54
fd4e8030-d6e5-470e-b7c6-bc396e9f15ed;แอร์อ แผนกบุคค;2026-07-21 03:20:49.921162+00;26c15678-1332-4304-9cff-7387607115ff
31c515c1-36ec-46b6-9b95-c78eaabeb4be;แอร์ แผนกคลังสินค้า;2026-07-21 04:34:52.004344+00;7d38fe14-8dc9-4b09-8d0c-95bf62568b93
d3d2f3c0-857f-4081-b48b-406d75d3f008;อื่นๆแผนกวิศวกรรม;2026-07-24 09:03:03.920048+00;b830fd79-f2df-4438-b3b5-9b4db4ea7728
b61f2182-e904-4e79-a156-5edb6001a6ff;แอร์แผนกวิศวกรรม;2026-08-07 02:46:44.065222+00;b830fd79-f2df-4438-b3b5-9b4db4ea7728