id;machine_type_id;name;code;created_at;repair_department_id
b746b35c-384a-4e3a-8b21-d29dbd101b61;;เครื่อง SP-01;;2026-05-11 09:53:34.465054+00;
c238a6fa-1662-4a63-8cbf-eac1b0db7966;;SP-02;;2026-05-11 10:07:56.010582+00;
e2407d79-f260-4112-a293-827f71a4cbf8;;SP-02;;2026-05-12 01:45:48.656282+00;
467db367-bf6e-45d5-ad6b-c10f8b9c0e44;;SP-03;;2026-05-12 01:45:59.217947+00;
525f833e-d2a2-4151-9d96-cb7724eaf2f7;;1A;;2026-05-12 01:46:21.078252+00;
a5ab57d6-e4c2-4ef1-8203-3d3237f7a321;;14 N;;2026-05-12 01:46:59.123489+00;
f5a35bc0-30fc-4788-b515-bdb2c5c499fb;;13 M;;2026-05-12 01:47:09.136502+00;
dca1e154-c56a-4fd5-b731-1bcdfa6b1687;;HP-04;;2026-05-12 01:47:16.643128+00;
dba5d24d-0141-4b64-8392-0be42b8001ee;a93975a6-035d-436d-b0f7-7b422a47b1f5;1 - PT – CH – 01  เครื่องป้อนข้าวโพดเข้าเตา;;2026-06-06 02:06:17.489754+00;72e122e2-76e3-44aa-a586-0a3f86291d77
7669a0e4-c49c-4c18-88a2-c7a773a3c383;4523075d-8201-4466-86b4-996fcd7f6068;1 – PT – PS – 03  เครื่องป้อนเครื่องปรุง;;2026-06-06 02:05:32.407851+00;72e122e2-76e3-44aa-a586-0a3f86291d77
c9839d81-c9a1-460a-926b-2d1441b3f5ad;3b9c8b03-1b6b-46a8-91a1-c68f9427058e;1-PT-OV-06 เตาอบ;;2026-06-06 02:00:20.480845+00;72e122e2-76e3-44aa-a586-0a3f86291d77
de8c9c7e-6dde-45d1-9983-128a39125bb0;611742b5-e828-4b02-9398-70c3e88b402c;1 –  ST – MX – 01  เครื่องผสม;;2026-06-06 02:06:54.471372+00;72e122e2-76e3-44aa-a586-0a3f86291d77
2bc7e981-f4e3-4da5-8c5a-2d163d312b6f;;SP01;;2026-05-12 02:07:49.813261+00;
0b6582eb-645c-4702-b5ba-d0543b481f62;;SP02;;2026-05-12 02:07:54.619195+00;
27f81435-6fe7-47c8-b83e-e09a863b3f0d;;SP03;;2026-05-12 02:08:00.373373+00;
6838f76c-e42d-48c8-8290-cf6b61475e22;;SP04;;2026-05-12 02:08:04.827696+00;
ff613c36-585c-4401-b261-9be34ceea781;;2B;;2026-05-12 02:08:15.534187+00;
37701be8-16d4-4b15-8377-ef983b7502ce;;HP01 (1A);;2026-05-12 02:10:31.200183+00;
c1dc7a93-8324-4c9d-86ca-e3bf1ea40f9e;;HP02 (14N);;2026-05-12 02:10:46.810197+00;
3c635d82-683f-41f7-85ee-6680dbef51da;;HP03 (13M);;2026-05-12 02:11:07.135119+00;
dadaea74-32ef-4c3b-a632-0714a3ce5051;;HP04;;2026-05-12 02:11:15.285047+00;
d049c87e-2819-4170-80b7-34ad4c0ba308;;FJ01 (12L);;2026-05-12 02:11:30.126365+00;
9b477fbe-3523-4f68-863b-73fc75c47d5c;;1-PT-CB-02;;2026-05-12 02:19:24.460004+00;
e6052dff-5a5b-4122-afdb-0ed5372fe2d6;;1-PT-CB-03;;2026-05-12 02:19:31.121658+00;
fc55487b-b493-4208-bf3c-9be7baa1a6de;;1-PT-CB-04;;2026-05-12 02:19:35.65024+00;
d52348bc-14b8-4c72-9fa5-1c18bed43a77;;1-PT-CB-07;;2026-05-12 02:19:45.973188+00;
64cdf621-55ab-4442-9b10-8ac893d17c52;;1-PT-CB-08;;2026-05-12 02:19:50.37726+00;
e5f64cce-8e5a-4031-b1ea-571ca867c08f;;1-PT-CB-09;;2026-05-12 02:19:56.794163+00;
7faf3d19-1729-4dd5-8a10-263790d86151;;1-PT-CB-10;;2026-05-12 02:20:03.373853+00;
8676a804-a41f-4deb-b090-81894d0acc12;;1-PT-CB-11;;2026-05-12 02:20:07.354567+00;
8b41ec56-9b68-4664-9576-e0ed1b1556f7;;1-PT-CB-12;;2026-05-12 02:20:12.25308+00;
08b3ad2e-efe8-44f3-8cfd-0a886ea7702b;;1-PT-CB-13;;2026-05-12 02:20:16.954284+00;
e1708df6-6083-4504-b40f-ea9e8077b0ac;;1-PT-MT-01;;2026-05-12 02:18:29.58361+00;
1a04bf0f-c2c5-42d5-bb55-161dfd4cd812;;1-PT-MT-03;;2026-05-12 02:18:37.210683+00;
7a5800ea-dc00-44eb-88a3-dc792872826b;;1-PT-MT-04;;2026-05-12 02:18:44.621326+00;
91548ff7-b25b-4c82-821f-e39ce4520416;;1-PT-MT-05;;2026-05-12 02:18:51.653941+00;
c2aa3f0a-8e82-4b92-bd88-d784c866f2bd;;SP01;;2026-05-12 04:47:59.419258+00;
921b884c-254c-4c5f-af6a-65e34381c046;;SP-04;;2026-05-16 01:57:23.675391+00;
9104bcf0-a22e-4319-85b5-543b51b32a9c;;เบอร์ 1;;2026-05-16 01:58:48.597123+00;
c66acb18-efa3-4a0e-bf19-350be6c46ddd;;เบอร์ 2;;2026-05-16 01:59:01.007804+00;
874baf40-db0b-402e-9057-9fa06c26d603;;SP01;;2026-05-16 01:58:09.160027+00;
bd12994d-a09a-4af9-ba98-91f947e751c3;;SP02;;2026-05-16 01:58:15.01778+00;
fdab1cac-b933-4107-a7e3-1d902a9f7951;1d4b301a-55da-462e-83a0-d444bc0ae82d;1 – PT – CB – 02  สายพานลำเลียง;;2026-06-06 02:02:40.022023+00;72e122e2-76e3-44aa-a586-0a3f86291d77
6431dcfa-130a-4c8a-a475-5d71b1eb59e1;611742b5-e828-4b02-9398-70c3e88b402c;1 – ST - MX - 10  เครื่องผสม;;2026-06-06 02:09:04.49808+00;72e122e2-76e3-44aa-a586-0a3f86291d77
5f8960a1-098a-4c0a-a432-eb918e9886ea;611742b5-e828-4b02-9398-70c3e88b402c;1 – ST – MX – 02  เครื่องผสม;;2026-06-06 02:07:08.135339+00;72e122e2-76e3-44aa-a586-0a3f86291d77
cc1fc64f-5b7b-4eca-a089-999c6486d3e9;611742b5-e828-4b02-9398-70c3e88b402c;1 – ST – MX – 07  เครื่องผสม;;2026-06-06 02:08:09.86451+00;72e122e2-76e3-44aa-a586-0a3f86291d77
29d302ec-eca4-4146-9f8e-097d3a72a7a3;1d4b301a-55da-462e-83a0-d444bc0ae82d;1 – PT – CB – 03  สายพานลำเลียง;;2026-06-06 02:02:57.803251+00;72e122e2-76e3-44aa-a586-0a3f86291d77
18901a5d-0129-4f1b-8554-5012762de48f;1d4b301a-55da-462e-83a0-d444bc0ae82d;1 – PT – CB – 04  สายพานลำเลียง;;2026-06-06 02:03:10.358645+00;72e122e2-76e3-44aa-a586-0a3f86291d77
d377a020-1f32-4da9-bbdc-f5de9fe4adbe;1d4b301a-55da-462e-83a0-d444bc0ae82d;1 – PT – CB – 07  สายพานลำเลียง;;2026-06-06 02:03:26.386914+00;72e122e2-76e3-44aa-a586-0a3f86291d77
9cfea947-09cf-4134-a951-3e66815a285e;1d4b301a-55da-462e-83a0-d444bc0ae82d;1 – PT – CB – 08  สายพานลำเลียง;;2026-06-06 02:03:40.345967+00;72e122e2-76e3-44aa-a586-0a3f86291d77
2c937f5e-5bf6-40d1-9154-e5632105159b;1d4b301a-55da-462e-83a0-d444bc0ae82d;1 – PT – CB – 09  สายพานลำเลียง;;2026-06-06 02:03:53.493856+00;72e122e2-76e3-44aa-a586-0a3f86291d77
638d93c5-9829-4998-88ff-11394629b474;1d4b301a-55da-462e-83a0-d444bc0ae82d;1 – PT – CB – 10  สายพานลำเลียง;;2026-06-06 02:04:06.596554+00;72e122e2-76e3-44aa-a586-0a3f86291d77
68705ee3-3163-4a77-b82e-55b3f80462ef;1d4b301a-55da-462e-83a0-d444bc0ae82d;1 – PT – CB – 11  สายพานลำเลียง;;2026-06-06 02:04:19.301552+00;72e122e2-76e3-44aa-a586-0a3f86291d77
73754c3e-33c7-4db6-b03f-75f299a2ef41;1d4b301a-55da-462e-83a0-d444bc0ae82d;1 – PT – CB – 12  สายพานลำเลียง;;2026-06-06 02:04:30.538415+00;72e122e2-76e3-44aa-a586-0a3f86291d77
87a4dc8e-1d93-4efa-8e0c-776dca9da359;c8eb35d4-590a-4933-a62e-bb37e07870ef;1 – PT – MT – 01  โอ่งคลุกขนม;;2026-06-06 02:01:17.202694+00;72e122e2-76e3-44aa-a586-0a3f86291d77
4b049875-d765-4487-a1e5-bd4dd9a2d3ea;c8eb35d4-590a-4933-a62e-bb37e07870ef;1 – PT – MT – 03  โอ่งคลุกขนม;;2026-06-06 02:01:28.203322+00;72e122e2-76e3-44aa-a586-0a3f86291d77
5f27d9a4-a96c-45e5-b239-b6184e207d44;c8eb35d4-590a-4933-a62e-bb37e07870ef;1 – PT – MT – 05  โอ่งคลุกขนม;;2026-06-06 02:02:01.13766+00;72e122e2-76e3-44aa-a586-0a3f86291d77
a4f67d0a-0f0a-4a55-be33-99f91749562e;a280c88e-0f0b-4ed0-bf10-c3e1742da5be;1-ST-MX-09   เครื่อง ผสม;;2026-07-18 01:44:16.644686+00;72e122e2-76e3-44aa-a586-0a3f86291d77
2fa7eaa7-9f0f-4ff4-b165-e8295f7e90e5;;เบอร์ 1;;2026-05-16 02:04:33.926074+00;dd98b2b3-c0ed-48b6-b3f4-139b89c539c7
7a06bf0a-da31-47cd-994b-9281fd47b9b5;;เบอร์ 4;;2026-05-16 02:04:41.174116+00;dd98b2b3-c0ed-48b6-b3f4-139b89c539c7
eb609618-1e8f-4abb-932c-2cb7c2ca8f5c;;HP-01 (1A);;2026-05-16 02:45:24.547945+00;dd98b2b3-c0ed-48b6-b3f4-139b89c539c7
d7359cfb-d238-422f-9ed7-cf0d2577472a;;SP-03;;2026-05-16 02:04:08.410973+00;
5a86316f-964c-402c-bb96-f1eeb15261d7;;SP-01;;2026-05-16 02:04:01.80365+00;dd98b2b3-c0ed-48b6-b3f4-139b89c539c7
e9f66f01-ad1b-429e-83e9-af401105e565;;ชริ้งค์ เบอร์1;;2026-06-04 06:05:32.277024+00;dd98b2b3-c0ed-48b6-b3f4-139b89c539c7
ba3aab32-68db-43ac-a514-e14d1a1d550a;;1-PT-OV-04;;2026-05-12 02:17:44.046709+00;72e122e2-76e3-44aa-a586-0a3f86291d77
5236e35c-b71e-434b-b2c4-29a7b2b42445;;1-PT-OV-06;;2026-05-12 02:17:53.970806+00;72e122e2-76e3-44aa-a586-0a3f86291d77
206d47ac-2285-4813-9a75-d9f1b7f71ab3;;1-PT-OV-07;;2026-05-12 02:17:59.766406+00;72e122e2-76e3-44aa-a586-0a3f86291d77
30209e58-f81b-463d-8722-996f24c13294;;เบอร์ 1;;2026-06-04 06:19:25.898521+00;dd98b2b3-c0ed-48b6-b3f4-139b89c539c7
fa10c0ae-91a3-4ecf-9c35-95e59c8eec41;;พัดลม เบอร์2;;2026-06-04 06:20:38.903186+00;dd98b2b3-c0ed-48b6-b3f4-139b89c539c7
783f4921-d540-4d15-9587-b1ca853915e0;;เบอร์ 66;;2026-06-04 06:22:16.077874+00;dd98b2b3-c0ed-48b6-b3f4-139b89c539c7
9c5ff718-69ac-4cce-acf4-6d869faac3b5;;HP-01;;2026-06-05 02:24:32.324965+00;dd98b2b3-c0ed-48b6-b3f4-139b89c539c7
22f1f49b-2896-4e1f-88db-9724868041ad;;เบอร์ 1;;2026-06-05 06:06:48.110525+00;dd98b2b3-c0ed-48b6-b3f4-139b89c539c7
797081f2-dedc-4fed-bef3-99419673fb9f;;เบอร์ 4;;2026-06-05 06:07:12.29879+00;dd98b2b3-c0ed-48b6-b3f4-139b89c539c7
4a0d2bfd-a51a-4fbd-bcdb-847e61e65bc0;;เบอร์ 3;;2026-06-05 08:20:10.714797+00;dd98b2b3-c0ed-48b6-b3f4-139b89c539c7
daa436f1-5fbf-4960-8376-ccd081c0ccaa;;SP-01;;2026-06-05 02:25:02.747439+00;dd98b2b3-c0ed-48b6-b3f4-139b89c539c7
5ee50fb9-adc3-4a7e-ae73-39e5213e7280;;SP-02;;2026-06-05 06:05:01.048838+00;dd98b2b3-c0ed-48b6-b3f4-139b89c539c7
5acbcbee-5bcd-4f89-9f60-c13cfa165cc7;;HP-03;;2026-06-05 02:26:55.940105+00;dd98b2b3-c0ed-48b6-b3f4-139b89c539c7
75e84f60-7c5e-49fe-850b-f0e599ac39de;;HP-01(1A);;2026-06-05 06:05:31.036913+00;
099afaae-ef11-45fc-b866-50b231c8960c;;เบอร์ 1;;2026-06-05 06:09:24.3059+00;dd98b2b3-c0ed-48b6-b3f4-139b89c539c7
a505a16d-2df6-47bf-94de-aa58d4d95917;;เบอร์ 4;;2026-06-05 06:09:41.5956+00;dd98b2b3-c0ed-48b6-b3f4-139b89c539c7
ea023737-23c4-4103-b955-03efefdb8572;;เบอร์6;;2026-06-05 02:25:57.524668+00;72e122e2-76e3-44aa-a586-0a3f86291d77
8f34bf84-fc5d-4895-83a0-82b3a6f47150;;อื่นๆ;;2026-06-05 08:23:29.186189+00;755d8bf8-abaf-4e67-8c66-c04dab7755d0
e4d051b5-77c6-4446-9bf2-878a71c96b4b;;เบอร์ 89;;2026-06-05 02:25:37.755653+00;755d8bf8-abaf-4e67-8c66-c04dab7755d0
b708fb0d-eb1d-407e-b7ee-a1d172c8429b;1d4b301a-55da-462e-83a0-d444bc0ae82d;1 – PT – CB - 13;;2026-06-06 02:04:41.972472+00;72e122e2-76e3-44aa-a586-0a3f86291d77
b2acf806-183d-4727-8b52-86dafc0e1609;;1– ST – GD – 01;;2026-06-06 02:09:45.373525+00;72e122e2-76e3-44aa-a586-0a3f86291d77
05d17942-3b9e-4d9e-a7bb-c7ed139514c0;a93975a6-035d-436d-b0f7-7b422a47b1f5;1 - PT – CH – 02  เครื่องป้อนข้าวโพดเข้าเตา;;2026-06-06 02:06:28.0404+00;72e122e2-76e3-44aa-a586-0a3f86291d77
690f9922-ea1d-4cd5-b945-77f702666f4c;44847c92-9e77-4588-a88d-276cec5f1b36;1 – PT – OT – 10  ถังเก็บน้ำมัน+น้ำเชื่อม;;2026-06-06 02:11:50.463612+00;72e122e2-76e3-44aa-a586-0a3f86291d77
b21119d8-c36e-4bb6-addc-237b4be1613e;d19cba69-c708-4473-9392-7c3a3be6ee46;1-PT-AC-99  แอร์;;2026-07-18 02:55:49.497181+00;755d8bf8-abaf-4e67-8c66-c04dab7755d0
c439df06-9a45-472d-be57-247e856f8219;797cfb7c-41f5-4f95-a408-1d339c3841d4;3 – GD – HL –17   แฮนด์ลิฟท์;;2026-06-08 03:10:43.302387+00;755d8bf8-abaf-4e67-8c66-c04dab7755d0
157ee3c6-4d22-4511-9138-d3988af008c7;fd4e8030-d6e5-470e-b7c6-bc396e9f15ed;2-OF-AC-65 แอร์;;2026-07-21 03:25:43.767802+00;755d8bf8-abaf-4e67-8c66-c04dab7755d0
1ceae4c4-5c95-46eb-ba2c-58af1d6bf97c;9298ff5a-7053-47b0-acd9-a1ca4cdac19d;1-ST-AC-71   แอร์;;2026-07-21 03:49:21.815333+00;755d8bf8-abaf-4e67-8c66-c04dab7755d0
b5b04881-dccb-4613-8816-b88ad36b77e7;d3d2f3c0-857f-4081-b48b-406d75d3f008;0 - EN - WP - 03  เครื่องกรองน้ำ R/O;;2026-09-14 04:55:12.832123+00;755d8bf8-abaf-4e67-8c66-c04dab7755d0
32c67f47-fe1e-47c5-886f-d6c4332f1b33;;1– ST – GD – 02;;2026-06-06 02:10:01.288814+00;72e122e2-76e3-44aa-a586-0a3f86291d77
722fb31d-d637-40c9-aec3-bf2358b7052f;4523075d-8201-4466-86b4-996fcd7f6068;1 – PT – PS – 04  เครื่องป้อนเครื่องปรุง;;2026-06-06 02:05:43.430777+00;72e122e2-76e3-44aa-a586-0a3f86291d77
27110433-22f3-4189-ac80-d69af1f5fdeb;44847c92-9e77-4588-a88d-276cec5f1b36;1 – PT – OT - 04  ถังเก็บน้ำมัน+น้ำเชื่อม;;2026-06-06 02:11:00.000906+00;72e122e2-76e3-44aa-a586-0a3f86291d77
678bed1f-e0ce-478d-a342-3ee216bdfbf8;44847c92-9e77-4588-a88d-276cec5f1b36;1 – PT – OT – 02  ถังเก็บน้ำมัน+น้ำเชื่อม;;2026-06-06 02:10:39.411223+00;72e122e2-76e3-44aa-a586-0a3f86291d77
19973984-632e-4285-9a06-d406af992fd4;44847c92-9e77-4588-a88d-276cec5f1b36;1 – PT – OT – 11  ถังเก็บน้ำมัน+น้ำเชื่อม;;2026-06-06 02:12:00.222606+00;72e122e2-76e3-44aa-a586-0a3f86291d77
fb858e9b-ea2c-4919-b52f-7462343b36d5;cb6b3dfa-c7f7-4c49-b149-fe813e0ac371;1 – PT – IP -05  ถังฉีดแป้ง;;2026-06-06 02:23:15.751823+00;72e122e2-76e3-44aa-a586-0a3f86291d77
f57539a9-5ff1-4618-93cd-2231fa3952dd;d19cba69-c708-4473-9392-7c3a3be6ee46;1-PT-AC-100  แอร์;;2026-07-18 02:56:13.122751+00;755d8bf8-abaf-4e67-8c66-c04dab7755d0
091fcc70-a4cc-460f-933a-e476f86c6d3c;797cfb7c-41f5-4f95-a408-1d339c3841d4;3 – GD – HL –26  แฮนด์ลิฟท์;;2026-06-08 03:11:23.513067+00;755d8bf8-abaf-4e67-8c66-c04dab7755d0
484e28bf-61a2-401a-90e6-351d9b04f26f;fd4e8030-d6e5-470e-b7c6-bc396e9f15ed;2-OF-AC-83  แอร์;;2026-07-21 03:26:55.075726+00;755d8bf8-abaf-4e67-8c66-c04dab7755d0
dbf8ed72-91e4-4d05-9d20-f5bf3064fba9;fd4e8030-d6e5-470e-b7c6-bc396e9f15ed;2-OF-AC-110  แอร์;;2026-07-21 03:28:29.696165+00;
04ed2e8d-aa7a-478a-80eb-ab09448ce47e;fd4e8030-d6e5-470e-b7c6-bc396e9f15ed;2-OF-AC-118   แอร์;;2026-07-21 03:32:28.156435+00;755d8bf8-abaf-4e67-8c66-c04dab7755d0
d85180df-5f97-422b-a1a3-f93ea5030fc0;fd4e8030-d6e5-470e-b7c6-bc396e9f15ed;2-OF-AC-130   แอร์;;2026-07-21 03:34:06.333033+00;755d8bf8-abaf-4e67-8c66-c04dab7755d0
cb7b9e4e-3d0e-455d-8f82-828907850994;31c515c1-36ec-46b6-9b95-c78eaabeb4be;3-GD-AC-69   แอร์;;2026-07-21 04:36:35.784414+00;755d8bf8-abaf-4e67-8c66-c04dab7755d0
1ea81c2d-5f16-43cc-901b-51fb2b82a721;31c515c1-36ec-46b6-9b95-c78eaabeb4be;3-GD-AC-89  แอร์;;2026-07-21 04:37:25.180916+00;755d8bf8-abaf-4e67-8c66-c04dab7755d0
e51ea33a-6fec-4af8-a421-4c140a1e84d8;31c515c1-36ec-46b6-9b95-c78eaabeb4be;3-GD-AC-90  แอร์;;2026-07-21 04:37:52.1214+00;755d8bf8-abaf-4e67-8c66-c04dab7755d0
169f57d8-15fb-4c53-b1cf-85b8a4422035;31c515c1-36ec-46b6-9b95-c78eaabeb4be;3-GD-AC-93   แอร์;;2026-07-21 04:38:54.099839+00;755d8bf8-abaf-4e67-8c66-c04dab7755d0
d2d42e13-fbd6-4467-a171-f4cfc7e21a0b;31c515c1-36ec-46b6-9b95-c78eaabeb4be;3-GD-AC-94   แอร์;;2026-07-21 04:39:11.305787+00;755d8bf8-abaf-4e67-8c66-c04dab7755d0
8554fa67-75f0-4404-ba2c-d9d5e8ab38c9;31c515c1-36ec-46b6-9b95-c78eaabeb4be;3-GD-AC-147   แอร์;;2026-07-21 04:40:56.607013+00;755d8bf8-abaf-4e67-8c66-c04dab7755d0
d225e362-edff-43c7-b91d-9da1e9331be3;1c8748f4-96bb-451f-a8ac-b55d6c82dd7c;1 – PT – BM – 03  เครื่องผสมครีม;;2026-06-06 02:14:35.681043+00;72e122e2-76e3-44aa-a586-0a3f86291d77
26154fb7-a8b3-4010-aaba-a32acdddb6b0;44847c92-9e77-4588-a88d-276cec5f1b36;1 – PT – OT - 05  ถังเก็บน้ำมัน+น้ำเชื่อม;;2026-06-06 02:11:08.975525+00;72e122e2-76e3-44aa-a586-0a3f86291d77
163a8b35-665e-4356-8219-92588af59f06;44847c92-9e77-4588-a88d-276cec5f1b36;1 – PT – OT – 01  ถังเก็บน้ำมัน+น้ำเชื่อม;;2026-06-06 02:10:28.375127+00;72e122e2-76e3-44aa-a586-0a3f86291d77
147155a0-f934-4bac-b4e7-635afd1b0f6d;f15faaa4-ee38-49d8-9a94-24dad95424b2;1- PT – RC - 02  ถังพักครีมเวเฟอร์;;2026-06-06 02:24:38.360575+00;72e122e2-76e3-44aa-a586-0a3f86291d77
77395ed4-8266-4566-bdcd-1ae654b0ec32;99d3232b-2082-4b01-bd08-e740122f52cf;1-PK-AC-75 แอร์;;2026-07-18 03:01:38.692328+00;755d8bf8-abaf-4e67-8c66-c04dab7755d0
2b0c106b-1a27-4437-80de-7f26d4d9bc51;0e62dd43-ab32-4b11-a99b-b15988fb9fc8;1-PT-HL-04  แฮนด์ลิฟท์ผลิต;;2026-07-18 07:49:51.591191+00;755d8bf8-abaf-4e67-8c66-c04dab7755d0
d6799dfb-abbe-4b44-838c-34bf01acb555;fd4e8030-d6e5-470e-b7c6-bc396e9f15ed;2-OF-AC-101  แอร์;;2026-07-21 03:27:53.602855+00;755d8bf8-abaf-4e67-8c66-c04dab7755d0
f8692bbd-7109-493b-b395-3712162eb9c4;fd4e8030-d6e5-470e-b7c6-bc396e9f15ed;2-OF-AC-112  แอร์;;2026-07-21 03:30:18.339822+00;755d8bf8-abaf-4e67-8c66-c04dab7755d0
9b8c8ab5-8068-47c3-9c4a-f9a0441256af;fd4e8030-d6e5-470e-b7c6-bc396e9f15ed;2-OF-AC-115  แอร์;;2026-07-21 03:31:21.819202+00;755d8bf8-abaf-4e67-8c66-c04dab7755d0
56d29cbe-deef-47ff-b746-264ee8fbd0ff;31c515c1-36ec-46b6-9b95-c78eaabeb4be;3-GD-AC-88   แอร์;;2026-07-21 04:37:05.042447+00;755d8bf8-abaf-4e67-8c66-c04dab7755d0
2990653d-aafc-4377-8604-46e4b605c0a9;31c515c1-36ec-46b6-9b95-c78eaabeb4be;3-GD-AC-92  แอร์;;2026-07-21 04:38:34.287589+00;755d8bf8-abaf-4e67-8c66-c04dab7755d0
e2c654b9-3638-42cc-b8dc-ca798af3a40f;bdda301f-fa50-4dcb-aa05-1488c1e3977b;1 – PT – PM – 01  เครื่องผสมละเอียด (Premix );;2026-06-06 02:28:36.109513+00;72e122e2-76e3-44aa-a586-0a3f86291d77
76e902cf-1d84-4f24-b0c6-4040d37c07d7;44847c92-9e77-4588-a88d-276cec5f1b36;1 – PT – OT - 06  ถังเก็บน้ำมัน+น้ำเชื่อม;;2026-06-06 02:11:21.699004+00;72e122e2-76e3-44aa-a586-0a3f86291d77
d6fab985-8751-4eac-bb4c-533210c34e10;44847c92-9e77-4588-a88d-276cec5f1b36;1 – PT – OT – 03  ถังเก็บน้ำมัน+น้ำเชื่อม;;2026-06-06 02:10:50.75211+00;72e122e2-76e3-44aa-a586-0a3f86291d77
10affc72-96d6-4112-8199-1ed9a124a3db;44847c92-9e77-4588-a88d-276cec5f1b36;1 – PT – OT – 09  ถังเก็บน้ำมัน+น้ำเชื่อม;;2026-06-06 02:11:40.815163+00;72e122e2-76e3-44aa-a586-0a3f86291d77
773820eb-c81c-47f1-b1b3-725cdf20a6a7;5ac00c76-3673-4b10-96c7-505b59475d0d;1 – PT – TR - 01  ถังพักครีมเครื่องยิง;;2026-06-06 02:20:01.902092+00;72e122e2-76e3-44aa-a586-0a3f86291d77
58ef2a19-7677-4304-8948-ad4245fb23c0;9298ff5a-7053-47b0-acd9-a1ca4cdac19d;1-ST-AC-87  แอร์;;2026-07-18 06:55:13.640019+00;755d8bf8-abaf-4e67-8c66-c04dab7755d0
0b0c7c7f-1277-48c0-9d11-59229ff8db3d;0e62dd43-ab32-4b11-a99b-b15988fb9fc8;1-PT-HL-02 แฮนด์ลิฟท์ผลิต;;2026-07-18 07:52:59.134599+00;755d8bf8-abaf-4e67-8c66-c04dab7755d0
d65dffcc-b3a9-43cc-a3bf-0fb07a70a4d3;fd4e8030-d6e5-470e-b7c6-bc396e9f15ed;2-OF-AC-111  แอร์;;2026-07-21 03:29:55.91661+00;755d8bf8-abaf-4e67-8c66-c04dab7755d0
80d3dfdd-38cf-40e9-b3ad-c9d006f8727a;fd4e8030-d6e5-470e-b7c6-bc396e9f15ed;2-OF-AC-114  แอร์;;2026-07-21 03:31:01.775661+00;755d8bf8-abaf-4e67-8c66-c04dab7755d0
cc30b280-f16c-4e26-aa23-99b1ecdf3242;fd4e8030-d6e5-470e-b7c6-bc396e9f15ed;2-OF-AC-119  แอร์;;2026-07-21 03:32:43.621975+00;755d8bf8-abaf-4e67-8c66-c04dab7755d0
c9d1e6a8-4ed7-4e40-b8b3-9451edd01658;fd4e8030-d6e5-470e-b7c6-bc396e9f15ed;2-OF-AC-128  แอร์;;2026-07-21 03:33:35.197887+00;755d8bf8-abaf-4e67-8c66-c04dab7755d0
eb4e809e-42aa-46bc-b796-a8d520713b33;fd4e8030-d6e5-470e-b7c6-bc396e9f15ed;2-OF-AC-129   แอร์;;2026-07-21 03:33:50.800363+00;755d8bf8-abaf-4e67-8c66-c04dab7755d0
86a85161-6d0d-4d00-94bc-6bc873b5fafb;fd4e8030-d6e5-470e-b7c6-bc396e9f15ed;2-OF-AC-132   แอร์;;2026-07-21 03:34:47.332268+00;755d8bf8-abaf-4e67-8c66-c04dab7755d0
b09d3d33-e2a4-423c-a231-34d123bda903;fd4e8030-d6e5-470e-b7c6-bc396e9f15ed;2-OF-AC-133   แอร์;;2026-07-21 03:35:04.370261+00;755d8bf8-abaf-4e67-8c66-c04dab7755d0
118781fd-85af-4d3c-b339-f21f32267175;fd4e8030-d6e5-470e-b7c6-bc396e9f15ed;2-OF-AC-137   แอร์;;2026-07-21 03:36:18.287483+00;755d8bf8-abaf-4e67-8c66-c04dab7755d0
3df04923-b35d-4174-914a-cbeaa82e5703;fd4e8030-d6e5-470e-b7c6-bc396e9f15ed;2-OF-AC-139 แอร์;;2026-07-21 03:36:46.994009+00;755d8bf8-abaf-4e67-8c66-c04dab7755d0
297e2969-066d-4cf7-944a-c0286c9908da;31c515c1-36ec-46b6-9b95-c78eaabeb4be;3-GD-AC-91  แอร์;;2026-07-21 04:38:13.630376+00;755d8bf8-abaf-4e67-8c66-c04dab7755d0
667b6adf-7e6b-4b06-8fd1-77d4b52a6a2e;64830cae-c233-4ec4-ac5c-f79472ba5a3b;1 – PT – ST – 05  เครื่องยิง TWIN SCREW;;2026-06-06 02:18:17.265856+00;72e122e2-76e3-44aa-a586-0a3f86291d77
8b37b001-3327-48ae-b3ae-88df5489a322;44847c92-9e77-4588-a88d-276cec5f1b36;1 – PT – OT – 08  ถังเก็บน้ำมัน+น้ำเชื่อม;;2026-06-06 02:11:31.797962+00;72e122e2-76e3-44aa-a586-0a3f86291d77
73966e78-9f58-45af-b1e8-c9d8f7f5eb9b;a8221595-0774-48c7-9215-807ff9755c77;1 – PT – SC – 01  แท่นสกรูส่งวัตถุดิบ ชนิดผงกระบอก;;2026-06-06 02:29:25.904029+00;72e122e2-76e3-44aa-a586-0a3f86291d77
55889b8e-520f-4647-ab06-0815307f2386;9298ff5a-7053-47b0-acd9-a1ca4cdac19d;1-ST-AC-103  แอร์;;2026-07-18 06:56:08.563128+00;755d8bf8-abaf-4e67-8c66-c04dab7755d0
65ba5979-8b30-46d6-b2de-8c0ea3396dea;0e62dd43-ab32-4b11-a99b-b15988fb9fc8;1-PT-HL-19   แฮนด์ลิฟท์ผลิต;;2026-07-18 07:54:35.268285+00;755d8bf8-abaf-4e67-8c66-c04dab7755d0
de365073-7d54-47e4-a5b0-46f984955a0c;fd4e8030-d6e5-470e-b7c6-bc396e9f15ed;2-OF-AC-113  แอร์;;2026-07-21 03:30:40.524125+00;755d8bf8-abaf-4e67-8c66-c04dab7755d0
b67f700b-dcbc-4e2f-ac6c-0383408ddb96;fd4e8030-d6e5-470e-b7c6-bc396e9f15ed;2-OF-AC-117  แอร์;;2026-07-21 03:32:12.757633+00;755d8bf8-abaf-4e67-8c66-c04dab7755d0
b5516263-a928-4cc8-b328-b3905292f2c2;fd4e8030-d6e5-470e-b7c6-bc396e9f15ed;2-OF-AC-120   แอร์;;2026-07-21 03:32:59.272665+00;755d8bf8-abaf-4e67-8c66-c04dab7755d0
e653f4d5-224e-4057-b50d-c2eab8cf9434;fd4e8030-d6e5-470e-b7c6-bc396e9f15ed;2-OF-AC-131   แอร์;;2026-07-21 03:34:30.727368+00;755d8bf8-abaf-4e67-8c66-c04dab7755d0
d25ac535-2405-432d-ac27-cd0dea3aff88;fd4e8030-d6e5-470e-b7c6-bc396e9f15ed;2-OF-AC-143   แอร์;;2026-07-21 03:38:06.230763+00;755d8bf8-abaf-4e67-8c66-c04dab7755d0
2f129a1e-0f90-45d5-888a-ef63a724e016;31c515c1-36ec-46b6-9b95-c78eaabeb4be;3-GD-AC-106   แอร์;;2026-07-21 04:39:33.260889+00;755d8bf8-abaf-4e67-8c66-c04dab7755d0
21b6ed11-38ab-49f6-84d6-150bffc65721;1c8748f4-96bb-451f-a8ac-b55d6c82dd7c;1 – PT – BM  – 01  เครื่องผสมครีม;;2026-06-06 02:14:16.164073+00;72e122e2-76e3-44aa-a586-0a3f86291d77
e7906b22-525a-467a-8982-0d9912e8e9d1;1c8748f4-96bb-451f-a8ac-b55d6c82dd7c;1 – PT – BM  – 02  เครื่องผสมครีม;;2026-06-06 02:14:26.583761+00;72e122e2-76e3-44aa-a586-0a3f86291d77
1eddc42e-dab7-455e-85eb-baffbc08dc80;1c8748f4-96bb-451f-a8ac-b55d6c82dd7c;1 – PT – BM – 04  เครื่องผสมครีม;;2026-06-06 02:14:45.482316+00;72e122e2-76e3-44aa-a586-0a3f86291d77
6a194aa8-e4fa-4c85-bd5b-0a10e6f61dd4;1c8748f4-96bb-451f-a8ac-b55d6c82dd7c;1 – PT – BM – 05  เครื่องผสมครีม;;2026-06-06 02:14:57.727264+00;72e122e2-76e3-44aa-a586-0a3f86291d77
1a547cd5-3851-492c-bbb8-a2abaab130f1;1c8748f4-96bb-451f-a8ac-b55d6c82dd7c;1 – PT – BM – 06  เครื่องผสมครีม;;2026-06-06 02:15:09.268893+00;72e122e2-76e3-44aa-a586-0a3f86291d77
9637d96d-329e-4905-aa52-1997a18217df;64830cae-c233-4ec4-ac5c-f79472ba5a3b;1 – PT – ST - 03  เครื่องยิง TWIN SCREW;;2026-06-06 02:17:50.158846+00;72e122e2-76e3-44aa-a586-0a3f86291d77
b0c28837-29ed-4209-9447-6272cbc785b1;64830cae-c233-4ec4-ac5c-f79472ba5a3b;1 – PT – ST – 04  เครื่องยิง TWIN SCREW;;2026-06-06 02:18:03.66999+00;72e122e2-76e3-44aa-a586-0a3f86291d77
c53a6a14-9886-43f9-afac-9ce255752f43;ed7e922f-4885-48ca-b212-5e1c4b2bd088;1 - ST – FS - 01  เครื่องร่อนแป้ง;;2026-06-06 02:27:45.116271+00;72e122e2-76e3-44aa-a586-0a3f86291d77
c350af3b-0639-4d72-80ef-91f00c734140;ed7e922f-4885-48ca-b212-5e1c4b2bd088;1 – ST - FS – 02  เครื่องร่อนแป้ง;;2026-06-06 02:27:55.336064+00;72e122e2-76e3-44aa-a586-0a3f86291d77
f1731b0d-f2ca-4ba1-8d52-a29329aa1772;988510c2-0933-4f6f-afb6-97d6c6763f75;1 – PT – CT – 01  เครื่องลากตัด;;2026-06-06 02:12:37.095557+00;72e122e2-76e3-44aa-a586-0a3f86291d77
22dc0185-fc69-4e62-9aa0-a668a4142a3f;988510c2-0933-4f6f-afb6-97d6c6763f75;1 – PT – CT – 03  เครื่องลากตัด;;2026-06-06 02:12:46.564911+00;72e122e2-76e3-44aa-a586-0a3f86291d77
6873856b-c1b1-44a7-82ae-d0d39a3dfb7a;988510c2-0933-4f6f-afb6-97d6c6763f75;1 – PT – CT – 04  เครื่องลากตัด;;2026-06-06 02:12:56.383549+00;72e122e2-76e3-44aa-a586-0a3f86291d77
0478cc79-34cd-4c66-a511-c6879bc24954;d6968cf7-550a-4991-bad4-638935a88c22;1 – PT – WF – 01  เครื่องเวเฟอร์;;2026-06-06 02:16:35.167137+00;72e122e2-76e3-44aa-a586-0a3f86291d77
6c8e0b50-f5cd-4cc9-941d-89513488c1f7;fd4e8030-d6e5-470e-b7c6-bc396e9f15ed;2-OF-AC-116   แอร์;;2026-07-21 03:31:58.194965+00;755d8bf8-abaf-4e67-8c66-c04dab7755d0
48162317-9d54-451b-a74d-1ec29ff2ab6d;cee4bac9-45b4-4d53-9b29-1d4c115720eb;เครื่อง SMARTPACK เบอร์ 03;;2026-06-06 03:23:02.157656+00;dd98b2b3-c0ed-48b6-b3f4-139b89c539c7
e1bda2a5-9f2e-4ada-ad54-2e14d6fccae5;b93b4434-5fe8-41c2-ba79-67512c3c1ad8;1 – PK – SE - 01 เครื่องรีด;;2026-06-06 03:24:08.400608+00;dd98b2b3-c0ed-48b6-b3f4-139b89c539c7
0970f26b-4878-4124-b23b-8ce8633ee453;b93b4434-5fe8-41c2-ba79-67512c3c1ad8;1 – PK – SE - 02  เครื่องรีด;;2026-06-06 03:24:14.975194+00;dd98b2b3-c0ed-48b6-b3f4-139b89c539c7
8e5b6562-2e01-41df-82da-2ae463baa755;b93b4434-5fe8-41c2-ba79-67512c3c1ad8;1 – PK – SE - 03 เครื่องรีด;;2026-06-06 03:24:22.707058+00;dd98b2b3-c0ed-48b6-b3f4-139b89c539c7
c39dc231-73f8-4321-a4bf-67a48a41b980;b93b4434-5fe8-41c2-ba79-67512c3c1ad8;1 – PK – SE - 04  เครื่องรีด;;2026-06-06 03:24:30.025167+00;dd98b2b3-c0ed-48b6-b3f4-139b89c539c7
5b6afe84-f13d-4ec1-83d0-5b4330f848f6;b93b4434-5fe8-41c2-ba79-67512c3c1ad8;1 – PK – SE - 08  เครื่องรีด;;2026-06-06 03:24:52.504795+00;dd98b2b3-c0ed-48b6-b3f4-139b89c539c7
76156c4c-7452-4a45-a7d8-611842756df6;b93b4434-5fe8-41c2-ba79-67512c3c1ad8;1 – PK – SE - 10 เครื่องรีด;;2026-06-06 03:25:01.228009+00;dd98b2b3-c0ed-48b6-b3f4-139b89c539c7
df92d369-670d-4df5-9f4c-15545b8d50f8;b93b4434-5fe8-41c2-ba79-67512c3c1ad8;1 – PK – SE - 11  เครื่องรีด;;2026-06-06 03:25:18.570147+00;dd98b2b3-c0ed-48b6-b3f4-139b89c539c7
1c153d8e-28bc-4392-bf04-40652b990369;b93b4434-5fe8-41c2-ba79-67512c3c1ad8;1 – PK – SE - 19  เครื่องรีด;;2026-06-06 03:25:41.069879+00;dd98b2b3-c0ed-48b6-b3f4-139b89c539c7
64e9cfe9-a575-4977-bc17-bac961b7e22d;b93b4434-5fe8-41c2-ba79-67512c3c1ad8;1 – PK – SE - 20  เครื่องรีด;;2026-06-06 03:25:48.964121+00;dd98b2b3-c0ed-48b6-b3f4-139b89c539c7
943be9ee-ec5a-4b6d-9c34-767cee4bf83c;b93b4434-5fe8-41c2-ba79-67512c3c1ad8;1 – PK – SE - 21 เครื่องรีด;;2026-06-06 03:25:59.696574+00;dd98b2b3-c0ed-48b6-b3f4-139b89c539c7
34521f10-a5f6-4751-8b98-2b7227147648;b93b4434-5fe8-41c2-ba79-67512c3c1ad8;1 – PK – SE - 23  เครื่องรีด;;2026-06-06 03:26:14.889195+00;dd98b2b3-c0ed-48b6-b3f4-139b89c539c7
ada43c78-7686-492a-8102-f7548be3d98a;b93b4434-5fe8-41c2-ba79-67512c3c1ad8;1 – PK – SE - 24  เครื่องรีด;;2026-06-06 03:26:22.11824+00;dd98b2b3-c0ed-48b6-b3f4-139b89c539c7
bb794d4b-fa09-4315-bb0b-3f20f2997911;6a73ba57-b80f-44cf-abf2-26a628226b4f;1 – PK – CS - 02  สายพานลำเลียงแบบเอียง;;2026-06-06 03:27:26.181651+00;dd98b2b3-c0ed-48b6-b3f4-139b89c539c7
cbbd3e68-621a-4353-873f-c9d08882b36b;6a73ba57-b80f-44cf-abf2-26a628226b4f;1 – PK – CS - 03  สายพานลำเลียงแบบเอียง;;2026-06-06 03:27:36.185434+00;dd98b2b3-c0ed-48b6-b3f4-139b89c539c7
147f7472-65cb-4327-aaa6-33094657a620;732c99c8-4958-4577-a947-02704dae8fdc;1 – PT – TM – 01  เครื่องตีแป้ง;;2026-06-06 02:15:36.854604+00;72e122e2-76e3-44aa-a586-0a3f86291d77
93b341bf-3da9-4955-a268-07088c6c6687;732c99c8-4958-4577-a947-02704dae8fdc;1 – PT – TM – 02  เครื่องตีแป้ง;;2026-06-06 02:15:54.959926+00;72e122e2-76e3-44aa-a586-0a3f86291d77
0c25c839-1762-40a4-bd4b-1275515e13fc;90d449bb-88b9-4c0b-b2df-99b7aa597062;1 – PT – TI - 01  เครื่องถังฉีดครีมเครื่องยิง;;2026-06-06 02:18:57.406774+00;72e122e2-76e3-44aa-a586-0a3f86291d77
cf7822c0-37a9-4e94-b8be-fbb45e6a2228;d6968cf7-550a-4991-bad4-638935a88c22;1 – PT – WF – 02  เครื่องเวเฟอร์;;2026-06-06 02:16:47.281234+00;72e122e2-76e3-44aa-a586-0a3f86291d77
e3cdf4cf-1964-445a-9413-2b7c0809b6ad;8225183e-fa64-48fd-8d72-27c454e178fb;1- PT – SD - 01  เครื่องสลัดลาย;;2026-06-06 02:25:43.438919+00;72e122e2-76e3-44aa-a586-0a3f86291d77
f1c3976e-c759-4ad3-b1ec-46005c55383c;8225183e-fa64-48fd-8d72-27c454e178fb;1- PT – SD - 02  เครื่องสลัดลาย;;2026-06-06 02:26:36.22814+00;72e122e2-76e3-44aa-a586-0a3f86291d77
899b31b4-50a0-4b55-83a9-8b7cd6dce72e;b2cbb4ff-7d5d-4cc2-a6e8-d4639d1eef01;1 – PT – IC - 02  เครื่องสอดไส้เวเฟอร์;;2026-06-06 02:21:22.325572+00;72e122e2-76e3-44aa-a586-0a3f86291d77
f4f04902-23fb-48ac-a862-92a450ff3478;b2cbb4ff-7d5d-4cc2-a6e8-d4639d1eef01;1 – PT – IC - 04  เครื่องสอดไส้เวเฟอร์;;2026-06-06 02:21:46.943613+00;72e122e2-76e3-44aa-a586-0a3f86291d77
2dbf9517-c437-450b-8520-98051c657fe0;eb8dce6e-4a8c-4e1e-94ee-30984a61800f;1- PT – CD - 01  เครื่องอัดลูกอม;;2026-06-06 02:27:08.897286+00;72e122e2-76e3-44aa-a586-0a3f86291d77
9c36668c-122e-4376-bbd5-5c6f4fcff3b6;cb6b3dfa-c7f7-4c49-b149-fe813e0ac371;1 – PT – IP -01  ถังฉีดแป้ง;;2026-06-06 02:22:30.84982+00;72e122e2-76e3-44aa-a586-0a3f86291d77
f4212c23-b892-41e8-a9a6-b49fafc172c7;cb6b3dfa-c7f7-4c49-b149-fe813e0ac371;1 – PT – IP -02  ถังฉีดแป้ง;;2026-06-06 02:22:40.287191+00;72e122e2-76e3-44aa-a586-0a3f86291d77
18f26126-eef3-4334-b187-dea97e5d5538;cb6b3dfa-c7f7-4c49-b149-fe813e0ac371;1 – PT – IP -03  ถังฉีดแป้ง;;2026-06-06 02:22:50.31737+00;72e122e2-76e3-44aa-a586-0a3f86291d77
b48f1fc1-fd06-4c67-82ac-93af7c9e0198;cb6b3dfa-c7f7-4c49-b149-fe813e0ac371;1 – PT – IP -04  ถังฉีดแป้ง;;2026-06-06 02:23:05.676038+00;72e122e2-76e3-44aa-a586-0a3f86291d77
7b910719-7962-4bcc-8801-69e7cc194c66;cb6b3dfa-c7f7-4c49-b149-fe813e0ac371;1 – PT – IP -06  ถังฉีดแป้ง;;2026-06-06 02:23:27.313611+00;72e122e2-76e3-44aa-a586-0a3f86291d77
80db879c-987c-4ed1-8495-f71399d4aae6;cb6b3dfa-c7f7-4c49-b149-fe813e0ac371;1 – PT – IP -07  ถังฉีดแป้ง;;2026-06-06 02:23:46.328161+00;72e122e2-76e3-44aa-a586-0a3f86291d77
f7e837c1-3b1e-4fa2-aa0f-91e6d98276d8;cb6b3dfa-c7f7-4c49-b149-fe813e0ac371;1 – PT – IP -08  ถังฉีดแป้ง;;2026-06-06 02:23:56.398881+00;72e122e2-76e3-44aa-a586-0a3f86291d77
0d5eedf0-9551-4b35-b3d3-e26fee62979c;f15faaa4-ee38-49d8-9a94-24dad95424b2;1- PT – RC - 03  ถังพักครีมเวเฟอร์;;2026-06-06 02:24:55.075038+00;72e122e2-76e3-44aa-a586-0a3f86291d77
33a95cb5-d110-4dff-9761-d6cf5b883eef;f15faaa4-ee38-49d8-9a94-24dad95424b2;1- PT – RC - 04  ถังพักครีมเวเฟอร์;;2026-06-06 02:25:08.492775+00;72e122e2-76e3-44aa-a586-0a3f86291d77
9fb5249d-ba03-4ee0-971c-cbfac9d0e40a;5ac00c76-3673-4b10-96c7-505b59475d0d;1 – PT – TR - 02   ถังพักครีมเครื่องยิง (อยู่เวเฟอร์);;2026-06-06 02:20:19.204673+00;72e122e2-76e3-44aa-a586-0a3f86291d77
44c9797e-a327-494b-92aa-849924a0e177;a8221595-0774-48c7-9215-807ff9755c77;1 – PT – SC – 02  แท่นสกรูส่งวัตถุดิบ ชนิดผงกระบอก;;2026-06-06 02:29:36.171759+00;72e122e2-76e3-44aa-a586-0a3f86291d77
aebcdd9c-3103-4edf-ac6b-17b3a3939520;d20ec902-fa51-43ba-9686-054dae0b7254;1  -  PD  - CP - 01  ปั้มลมสกรู;;2026-06-06 02:30:57.242266+00;72e122e2-76e3-44aa-a586-0a3f86291d77
6ac399ed-1414-48fb-b115-9b10c0b8c7b5;aaa8220f-67a4-45f1-82d5-ed9ffd2931e5;1  -  PT  - CC - 02  สายพานระบายความร้อน;;2026-06-06 02:30:20.372476+00;72e122e2-76e3-44aa-a586-0a3f86291d77
8a951ec0-6d30-4f9b-b87d-4d0c10374099;cee4bac9-45b4-4d53-9b29-1d4c115720eb;เครื่อง SMARTPACK เบอร์ 04;;2026-06-06 03:23:14.68378+00;dd98b2b3-c0ed-48b6-b3f4-139b89c539c7
de2da03b-8370-4cd3-bf9b-9e5ef38d8f50;ed7e922f-4885-48ca-b212-5e1c4b2bd088;1 – ST - FS – 03  เครื่องร่อนแป้ง;;2026-06-06 02:28:05.329412+00;72e122e2-76e3-44aa-a586-0a3f86291d77
75e3ef2a-e033-49cc-91a5-5fb925e35a4a;a8221595-0774-48c7-9215-807ff9755c77;1 – PT – SC – 03 แท่นสกรูส่งวัตถุดิบ ชนิดผงกระ;;2026-07-17 09:55:56.112297+00;72e122e2-76e3-44aa-a586-0a3f86291d77
8d0d0704-edd4-4e6f-91e5-a47e72bb6245;7b7b3967-29cd-4097-8020-01b6e2d82209;1 – PK – CL - 15  สายพานลำเลียงแบบราบ;;2026-06-06 03:30:47.58216+00;dd98b2b3-c0ed-48b6-b3f4-139b89c539c7
4d81e9cc-e146-4160-9072-84c2a0ebdbc3;7b7b3967-29cd-4097-8020-01b6e2d82209;1 – PK – CL - 21  สายพานลำเลียงแบบราบ;;2026-06-06 03:31:56.751033+00;dd98b2b3-c0ed-48b6-b3f4-139b89c539c7
6669b11e-9040-4ded-aaa2-98758981ceab;6a73ba57-b80f-44cf-abf2-26a628226b4f;1 – PK – CS - 07  สายพานลำเลียงแบบเอียง;;2026-06-06 03:27:57.390599+00;dd98b2b3-c0ed-48b6-b3f4-139b89c539c7
c29cf8ed-ad1f-47e3-a37b-60b4b92b6277;9298ff5a-7053-47b0-acd9-a1ca4cdac19d;1-ST-AC-105   แอร์;;2026-07-18 06:57:18.826127+00;755d8bf8-abaf-4e67-8c66-c04dab7755d0
979991ba-7d35-4cc1-9555-b56f5360e8a8;0e62dd43-ab32-4b11-a99b-b15988fb9fc8;1-PT-HL-20   แฮนด์ลิฟท์ผลิต;;2026-07-18 07:55:03.854781+00;755d8bf8-abaf-4e67-8c66-c04dab7755d0
5cc1cf08-d14a-475b-a254-497de315bcd7;fd4e8030-d6e5-470e-b7c6-bc396e9f15ed;2-OF-AC-135   แอร์;;2026-07-21 03:35:32.478537+00;755d8bf8-abaf-4e67-8c66-c04dab7755d0
bbfd2c3b-762f-4872-999f-01d3ece9a62e;fd4e8030-d6e5-470e-b7c6-bc396e9f15ed;2-OF-AC-138   แอร์;;2026-07-21 03:36:34.007547+00;755d8bf8-abaf-4e67-8c66-c04dab7755d0
e8c54a36-240b-490a-a391-7c519d4c2420;fd4e8030-d6e5-470e-b7c6-bc396e9f15ed;2-OF-AC-140  แอร์;;2026-07-21 03:37:07.845984+00;755d8bf8-abaf-4e67-8c66-c04dab7755d0
aa80cbf8-fb8e-43d4-b1e2-652aa56f670a;fd4e8030-d6e5-470e-b7c6-bc396e9f15ed;2-OF-AC-141   แอร์;;2026-07-21 03:37:27.459381+00;755d8bf8-abaf-4e67-8c66-c04dab7755d0
3810ce0b-6885-4084-8397-c8dc6d5fb8b1;31c515c1-36ec-46b6-9b95-c78eaabeb4be;3-GD-AC-121   แอร์;;2026-07-21 04:40:03.241814+00;755d8bf8-abaf-4e67-8c66-c04dab7755d0
72af4068-0fb0-4b5e-8a7b-c8e9b4c84e45;988510c2-0933-4f6f-afb6-97d6c6763f75;1 – PT – CT – 05 เครื่องลากตัด;;2026-06-06 02:13:07.890407+00;72e122e2-76e3-44aa-a586-0a3f86291d77
9abf4c84-28a1-4203-96fe-38c5d19449fd;aaa8220f-67a4-45f1-82d5-ed9ffd2931e5;1  -  PT  - CC - 01  สายพานระบายความร้อน;;2026-06-06 02:30:09.971236+00;72e122e2-76e3-44aa-a586-0a3f86291d77
253ac5ad-67b5-44cf-a559-09b5e3fb12e2;22a2ca21-54ec-4727-891a-1361d4efe96c;3 – GD – FO –16 โฟล์คลิฟท์น้ำมัน;;2026-06-08 01:24:53.519699+00;755d8bf8-abaf-4e67-8c66-c04dab7755d0
13d41e96-52ac-4a42-9d0f-15a128451d70;7b7b3967-29cd-4097-8020-01b6e2d82209;1 – PK – CL - 13  สายพานลำเลียงแบบราบ;;2026-06-06 03:30:33.684704+00;dd98b2b3-c0ed-48b6-b3f4-139b89c539c7
a97e7f43-0ede-4ce0-a0b6-d6d432bc3ca4;7b7b3967-29cd-4097-8020-01b6e2d82209;1 – PK – CL - 19  สายพานลำเลียงแบบราบ;;2026-06-06 03:31:36.50487+00;dd98b2b3-c0ed-48b6-b3f4-139b89c539c7
8d2b8346-4692-4170-857c-4804c792ac3d;7b7b3967-29cd-4097-8020-01b6e2d82209;1 – PK – CL - 22  สายพานลำเลียงแบบราบ;;2026-06-06 03:32:04.159481+00;dd98b2b3-c0ed-48b6-b3f4-139b89c539c7
9fb2da1b-d7ac-4f26-aa64-23d91914b8f4;6a73ba57-b80f-44cf-abf2-26a628226b4f;1 – PK – CS - 08  สายพานลำเลียงแบบเอียง;;2026-06-06 03:28:06.158116+00;dd98b2b3-c0ed-48b6-b3f4-139b89c539c7
e00cd23a-b229-4ef4-ae96-79a058282a6f;8c5dd863-66be-440b-97e7-320b1b4e58c4;3-CN-HL-24   แฮนด์ลิฟท์ (CN);;2026-07-18 07:57:58.953015+00;755d8bf8-abaf-4e67-8c66-c04dab7755d0
5fb5b3d2-60cd-498f-8108-8ccbdb970b83;fd4e8030-d6e5-470e-b7c6-bc396e9f15ed;2-OF-AC-142   แอร์;;2026-07-21 03:37:52.708856+00;755d8bf8-abaf-4e67-8c66-c04dab7755d0
1e6b738f-aee6-4f5a-8326-bc5d19a68f40;31c515c1-36ec-46b6-9b95-c78eaabeb4be;3-GD-AC-144   แอร์;;2026-07-21 04:40:38.273487+00;755d8bf8-abaf-4e67-8c66-c04dab7755d0
17a4321b-6a7b-440d-b499-17468a04b260;d6968cf7-550a-4991-bad4-638935a88c22;1 – PT – WF – 03  เครื่องเวเฟอร์;;2026-06-06 02:17:01.156245+00;72e122e2-76e3-44aa-a586-0a3f86291d77
88d318f4-db78-416d-9e44-c4e27f54f6a8;c8eb35d4-590a-4933-a62e-bb37e07870ef;1 – PT – MT – 04  โอ่งคลุกขนม;;2026-06-06 02:01:45.145456+00;72e122e2-76e3-44aa-a586-0a3f86291d77
56366d1d-d482-431e-adee-5c7d51d9b22e;7784de97-4c89-408a-87d5-f785dcdcb314;3 – GD – FE –13  โฟล์คลิฟท์ไฟฟ้า;;2026-06-08 01:38:14.031317+00;755d8bf8-abaf-4e67-8c66-c04dab7755d0
2d8b1cce-60f8-4bd9-b912-50ef3de0421d;218b16d6-f5fb-4a33-bc6a-555ff1e429bb;อื่นๆ  (CN);;2026-07-18 08:01:11.481914+00;755d8bf8-abaf-4e67-8c66-c04dab7755d0
d8d1bab9-0050-4635-9b78-92f2db6a3fda;fd4e8030-d6e5-470e-b7c6-bc396e9f15ed;0-EE-AC-148  แอร์;;2026-07-21 03:38:55.374429+00;755d8bf8-abaf-4e67-8c66-c04dab7755d0
aa32635e-d51b-4be1-90b2-a9eea58ac783;d3d2f3c0-857f-4081-b48b-406d75d3f008;อื่นๆ;;2026-07-24 09:03:55.960531+00;755d8bf8-abaf-4e67-8c66-c04dab7755d0
cb9f0482-744b-4f8b-a87b-8dcc70308952;7b7b3967-29cd-4097-8020-01b6e2d82209;1 – PK – CL - 01 สายพานลำเลียงแบบราบ;;2026-06-06 03:28:43.563427+00;dd98b2b3-c0ed-48b6-b3f4-139b89c539c7
519152f7-9c02-4307-b79f-b00b0f0c39bc;7b7b3967-29cd-4097-8020-01b6e2d82209;1 – PK – CL - 02 สายพานลำเลียงแบบราบ;;2026-06-06 03:28:51.852247+00;dd98b2b3-c0ed-48b6-b3f4-139b89c539c7
569ace53-e1e8-482d-b8ee-e93ab85daf64;7b7b3967-29cd-4097-8020-01b6e2d82209;1 – PK – CL - 04  สายพานลำเลียงแบบราบ;;2026-06-06 03:29:10.816355+00;dd98b2b3-c0ed-48b6-b3f4-139b89c539c7
d4fad2a5-dbb1-4dc2-8982-e9b336a0cf47;7b7b3967-29cd-4097-8020-01b6e2d82209;1 – PK – CL - 08  สายพานลำเลียงแบบราบ;;2026-06-06 03:29:33.391924+00;dd98b2b3-c0ed-48b6-b3f4-139b89c539c7
e3f0fdc6-2309-4436-b81c-48ac4f62c4b5;7b7b3967-29cd-4097-8020-01b6e2d82209;1 – PK – CL - 10  สายพานลำเลียงแบบราบ;;2026-06-06 03:30:00.119806+00;dd98b2b3-c0ed-48b6-b3f4-139b89c539c7
e9fcf405-c7db-4b6b-bd5e-3cd0360acee6;7b7b3967-29cd-4097-8020-01b6e2d82209;1 – PK – CL - 11  สายพานลำเลียงแบบราบ;;2026-06-06 03:30:10.134261+00;dd98b2b3-c0ed-48b6-b3f4-139b89c539c7
e4c0e93d-96f4-4610-a93e-b7c03e6f866e;7b7b3967-29cd-4097-8020-01b6e2d82209;1 – PK – CL - 12  สายพานลำเลียงแบบราบ;;2026-06-06 03:30:27.43295+00;dd98b2b3-c0ed-48b6-b3f4-139b89c539c7
57e6cad4-f8b9-46aa-80f2-8547d438b458;7b7b3967-29cd-4097-8020-01b6e2d82209;1 – PK – CL - 16  สายพานลำเลียงแบบราบ;;2026-06-06 03:31:12.638896+00;dd98b2b3-c0ed-48b6-b3f4-139b89c539c7
b9821b93-0df6-4f79-a4f8-588147aa3146;7b7b3967-29cd-4097-8020-01b6e2d82209;1 – PK – CL - 18  สายพานลำเลียงแบบราบ;;2026-06-06 03:31:29.980772+00;dd98b2b3-c0ed-48b6-b3f4-139b89c539c7
b5b4de76-8ef5-46ce-9dc8-cadaa7cd489e;7b7b3967-29cd-4097-8020-01b6e2d82209;1 – PK – CL - 20  สายพานลำเลียงแบบราบ;;2026-06-06 03:31:51.319621+00;dd98b2b3-c0ed-48b6-b3f4-139b89c539c7
c9291a05-28c9-4ed1-aaa2-47da1160619e;7b7b3967-29cd-4097-8020-01b6e2d82209;1 – PK – CL -23  สายพานลำเลียงแบบราบ;;2026-06-06 03:32:10.286939+00;dd98b2b3-c0ed-48b6-b3f4-139b89c539c7
418d4293-c455-48ba-88a3-a9d66b3efe6c;22a2ca21-54ec-4727-891a-1361d4efe96c;3 – GD – FO –17  โฟล์คลิฟท์น้ำมัน;;2026-06-08 01:25:07.462923+00;755d8bf8-abaf-4e67-8c66-c04dab7755d0
5b309f67-f49b-49f8-aece-8af973232d94;22a2ca21-54ec-4727-891a-1361d4efe96c;3 – GD – FO –23  โฟล์คลิฟท์น้ำมัน;;2026-06-08 01:25:20.404221+00;755d8bf8-abaf-4e67-8c66-c04dab7755d0
414a9845-75d2-4995-bf54-66d33dd3d66c;7784de97-4c89-408a-87d5-f785dcdcb314;3 – GD – FE –14  โฟล์คลิฟท์ไฟฟ้า;;2026-06-08 01:38:25.174898+00;755d8bf8-abaf-4e67-8c66-c04dab7755d0
c4279117-2984-49e8-92fd-6a1eddc3d956;7784de97-4c89-408a-87d5-f785dcdcb314;3 – GD – FE –15  โฟล์คลิฟท์ไฟฟ้า;;2026-06-08 01:38:40.733584+00;755d8bf8-abaf-4e67-8c66-c04dab7755d0
123df6b6-8bad-484c-b99d-4b6909ed08f2;7784de97-4c89-408a-87d5-f785dcdcb314;3 – GD – FE –21  โฟล์คลิฟท์ไฟฟ้า;;2026-06-08 01:39:21.241655+00;755d8bf8-abaf-4e67-8c66-c04dab7755d0
c42c2048-5407-4877-b8f5-f0867bf6a6f7;797cfb7c-41f5-4f95-a408-1d339c3841d4;3 – GD – HL – 08  แฮนด์ลิฟท์;;2026-06-08 03:09:52.033824+00;755d8bf8-abaf-4e67-8c66-c04dab7755d0
ec279910-6af3-4655-967b-30f0de244692;797cfb7c-41f5-4f95-a408-1d339c3841d4;3 – GD – HL – 06  แฮนด์ลิฟท์;;2026-06-08 03:09:35.654295+00;755d8bf8-abaf-4e67-8c66-c04dab7755d0
f3899f77-cf68-446d-a691-67ea0a37fa37;797cfb7c-41f5-4f95-a408-1d339c3841d4;3 – GD – HL –13  แฮนด์ลิฟท์;;2026-06-08 03:10:10.155389+00;755d8bf8-abaf-4e67-8c66-c04dab7755d0
9e50338a-74f5-44cc-9f18-b53632be3d12;797cfb7c-41f5-4f95-a408-1d339c3841d4;3 – GD – HL –14  แฮนด์ลิฟท์;;2026-06-08 03:10:19.98694+00;755d8bf8-abaf-4e67-8c66-c04dab7755d0
dcda27d2-dce3-4ed0-b28a-6e499e7afa6b;797cfb7c-41f5-4f95-a408-1d339c3841d4;3 – GD – HL –15  แฮนด์ลิฟท์;;2026-06-08 03:10:27.316114+00;755d8bf8-abaf-4e67-8c66-c04dab7755d0
40f48167-22ad-4f48-8a94-6bdbf2781baa;797cfb7c-41f5-4f95-a408-1d339c3841d4;3 – GD – HL –16  แฮนด์ลิฟท์;;2026-06-08 03:10:35.41469+00;755d8bf8-abaf-4e67-8c66-c04dab7755d0
56bc6704-1d94-4ea0-81fd-1599d5e0817b;797cfb7c-41f5-4f95-a408-1d339c3841d4;3 – GD – HL –18   แฮนด์ลิฟท์;;2026-06-08 03:10:51.513989+00;755d8bf8-abaf-4e67-8c66-c04dab7755d0
f589ded4-1691-4db3-b8a8-37b00be87c5a;797cfb7c-41f5-4f95-a408-1d339c3841d4;3 – GD – HL –23  แฮนด์ลิฟท์;;2026-06-08 03:11:00.174573+00;755d8bf8-abaf-4e67-8c66-c04dab7755d0
9e1aec9c-fdb7-462c-af16-937052deca1b;797cfb7c-41f5-4f95-a408-1d339c3841d4;3 – GD – HL –25  แฮนด์ลิฟท์;;2026-06-08 03:11:14.279504+00;755d8bf8-abaf-4e67-8c66-c04dab7755d0
388bcc7c-a0dc-42ec-95b5-b2c821aeab77;797cfb7c-41f5-4f95-a408-1d339c3841d4;3 – GD – HL - 29  แฮนด์ลิฟท์;;2026-06-08 03:11:31.279474+00;755d8bf8-abaf-4e67-8c66-c04dab7755d0
aa601a89-03f4-42d1-b6b6-a79eb679b187;dd226b8a-63ed-4de9-82a5-6e2dd947be37;3 – ST – HS –01  แฮนด์ลิฟท์ตาชั่ง;;2026-06-08 06:34:16.577257+00;755d8bf8-abaf-4e67-8c66-c04dab7755d0
b5d5e63b-cae4-4ee9-956f-86df5a64da2e;dcb2c558-a663-4ba3-97b8-95658dc14ffc;1-PK-FL-01  เครื่อง ตัด L-SEAL;;2026-06-06 03:52:45.643659+00;dd98b2b3-c0ed-48b6-b3f4-139b89c539c7
9bb55e94-a001-4eec-95f2-41756bc55c77;dcb2c558-a663-4ba3-97b8-95658dc14ffc;1-PK-FL-03  เครื่อง ตัด L-SEAL;;2026-06-06 03:53:14.526633+00;dd98b2b3-c0ed-48b6-b3f4-139b89c539c7
c92572e3-33a6-4441-9afa-bbd8399ec162;dcb2c558-a663-4ba3-97b8-95658dc14ffc;1-PK-FL-04  ครื่อง ตัด L-SEAL;;2026-06-06 03:53:26.986264+00;dd98b2b3-c0ed-48b6-b3f4-139b89c539c7
fcf6d3ae-e04d-4d82-8dae-6bc1205e49b1;dcb2c558-a663-4ba3-97b8-95658dc14ffc;1-PK-FL-06  เครื่อง ตัด L-SEAL;;2026-06-06 03:53:54.161777+00;dd98b2b3-c0ed-48b6-b3f4-139b89c539c7
85ade348-b3e3-4a1b-97ad-f48530330230;dcb2c558-a663-4ba3-97b8-95658dc14ffc;1-PK-FL-07  เครื่อง ตัด L-SEAL;;2026-06-06 03:54:06.315324+00;dd98b2b3-c0ed-48b6-b3f4-139b89c539c7
893e03d1-3e0c-4485-93aa-5b25a36e2c4a;;1-pk-ar-01;;2026-06-08 02:44:48.910481+00;755d8bf8-abaf-4e67-8c66-c04dab7755d0
6be42b5e-695a-4cdb-9e9b-a43627eb7aab;;0 – EN – AC – 16;;2026-06-06 06:37:31.621789+00;755d8bf8-abaf-4e67-8c66-c04dab7755d0
6022ca41-080f-4d60-8f0f-f1aec319a1b7;797cfb7c-41f5-4f95-a408-1d339c3841d4;3 – CN – HL –24;;2026-06-08 03:11:05.879614+00;755d8bf8-abaf-4e67-8c66-c04dab7755d0
0eb07a38-6d2c-4218-b29b-b884b27932f9;a6fd5768-3767-4f5a-b59e-37c54a766d19;เครื่อง INKJET(ยิงซอง+กล่องใน) เบอร์ 05;;2026-06-06 04:05:04.406475+00;dd98b2b3-c0ed-48b6-b3f4-139b89c539c7
da2834d4-1e0f-489e-85a3-5b78ae0d5ef5;152607f6-38fd-44ca-9acd-7d67412bba06;1 – PK – MP – 02  เครื่องตรวจจับโลหะ       ใช้กับห้องแนวนอน;;2026-06-06 04:10:24.67051+00;dd98b2b3-c0ed-48b6-b3f4-139b89c539c7
4d569381-9aff-41b6-8055-df98eda9fb4a;76b5ca61-5bdf-4e0b-a90a-7543fd9aff3c;1 – PK – FD – 01 เครื่องปล่อยกล่องอัตโนมัติ;;2026-06-06 04:37:40.005064+00;dd98b2b3-c0ed-48b6-b3f4-139b89c539c7
d556505d-3bdd-4731-bddf-d200e8946d9b;152607f6-38fd-44ca-9acd-7d67412bba06;1 – PK – MP – 03  เครื่องตรวจจับโลหะ      ใช้กับ 2B;;2026-06-06 04:10:36.002142+00;dd98b2b3-c0ed-48b6-b3f4-139b89c539c7
0e4dc250-463f-4792-9a60-814246b99655;152607f6-38fd-44ca-9acd-7d67412bba06;1 – PK – MP – 05    เครื่องตรวจจับโลหะ     ใช้กับ SP02;;2026-06-06 04:10:58.950445+00;dd98b2b3-c0ed-48b6-b3f4-139b89c539c7
ef13df82-108b-46f0-a217-39712f2ea119;152607f6-38fd-44ca-9acd-7d67412bba06;1 – PK – MP – 06   เครื่องตรวจจับโลหะ      ใช้กับ SP03;;2026-06-06 04:11:11.059465+00;dd98b2b3-c0ed-48b6-b3f4-139b89c539c7
11176296-5b20-4766-adf9-46387301ede0;152607f6-38fd-44ca-9acd-7d67412bba06;1 – PK – MP – 07   เครื่องตรวจจับโลหะ      ใช้กับ SP04;;2026-06-06 04:12:08.621195+00;dd98b2b3-c0ed-48b6-b3f4-139b89c539c7
fd1d0cad-065f-43a8-87b9-d5b1f43b1c9f;01162a31-47d8-45db-81df-18541c99859e;1 – PK –   FX– 01เครื่องปิดปากกล่อง;;2026-06-06 04:39:29.994584+00;dd98b2b3-c0ed-48b6-b3f4-139b89c539c7
ce069e8b-712b-44d4-a86f-436f7b5df8e8;a6634b71-38ea-4627-8cf8-a4fac282a6e4;1 – PK – CF – 01 เครื่องปิดฝาฟอย;;2026-06-06 04:35:36.834755+00;dd98b2b3-c0ed-48b6-b3f4-139b89c539c7
3f3092de-54a1-442b-9d94-fa8b70fe7828;66d724a6-0a02-4f94-8b5e-ca5c5dfb5855;1 – PK – LS - 02  เครื่องพิมพ์วันที่ LASER;;2026-06-06 04:07:48.988787+00;dd98b2b3-c0ed-48b6-b3f4-139b89c539c7
a69bc070-2421-4208-b8ab-0dd5f4524d94;2b27c028-4141-47c7-9afb-068cf6e46cff;1 – PK – IC – 02   เครื่องพิมพ์วันที่(ยิงกล่องนอก);;2026-06-06 04:06:47.808933+00;dd98b2b3-c0ed-48b6-b3f4-139b89c539c7
eff7f6d4-7e23-4904-ac64-0c9c33a91e11;0b3d47a4-fb51-4039-80a6-e37387b5b088;1 – PK – FJ – 01  เครื่องแพ็คแนวนอน FUJI;;2026-06-06 03:58:58.26848+00;dd98b2b3-c0ed-48b6-b3f4-139b89c539c7
4c93d34e-2e80-4988-a46c-67ea41221b41;8fb60919-05a3-47e7-9f76-6458062c494a;1 – PK – HP - 01  เครื่องแพ็คแนวนอน HOPACK;;2026-06-06 03:59:45.864562+00;dd98b2b3-c0ed-48b6-b3f4-139b89c539c7
275adb84-8510-4444-9569-1ad0f1a026a6;8fb60919-05a3-47e7-9f76-6458062c494a;1 – PK – HP - 03  เครื่องแพ็คแนวนอน HOPACK;;2026-06-06 04:00:10.196423+00;dd98b2b3-c0ed-48b6-b3f4-139b89c539c7
5bf35d25-0e12-4096-bbe3-957df1cfa340;b282ac00-3502-468d-9e8b-98c6a30ae660;1 – PK – FB - 01  เครื่องแพ็คฝากระป๋อง;;2026-06-06 04:09:22.515096+00;dd98b2b3-c0ed-48b6-b3f4-139b89c539c7
740a8657-287d-41eb-9564-4b67ad270a2f;a662b9d2-6065-49dc-8e78-4e40f39a0f26;1 – PK –   – 01  เครื่องบรรจุสี่เหลี่ยม;;2026-06-06 04:40:05.808849+00;dd98b2b3-c0ed-48b6-b3f4-139b89c539c7
4ada91e8-0b25-44a4-8dd6-a0ead2ed21ae;7110c454-c2ce-46e0-ad17-5c590abf8361;1 – PK – SF – 03 เครื่องห่อฟิล์ม;;2026-06-06 03:45:35.631604+00;dd98b2b3-c0ed-48b6-b3f4-139b89c539c7
290d41b4-211b-4f38-9aec-dceed7b7884a;7110c454-c2ce-46e0-ad17-5c590abf8361;1 – PK – SF – 04  เครื่องห่อฟิล์ม;;2026-06-06 03:45:42.798533+00;dd98b2b3-c0ed-48b6-b3f4-139b89c539c7
42532ce8-d7b1-4b4f-8c23-183fde067a6d;7110c454-c2ce-46e0-ad17-5c590abf8361;1 – PK – SF – 06  เครื่องห่อฟิล์ม;;2026-06-06 03:46:59.411327+00;dd98b2b3-c0ed-48b6-b3f4-139b89c539c7
05b81ea6-b088-4ebf-ba70-1f8a624b7399;7110c454-c2ce-46e0-ad17-5c590abf8361;1 – PK – SF – 07  เครื่องห่อฟิล์ม;;2026-06-06 03:49:04.94414+00;dd98b2b3-c0ed-48b6-b3f4-139b89c539c7
dd7126cd-0583-4096-b96c-9940a7f7fb86;fd0f8f24-436d-437e-9027-f2d749e6701b;1 – PK – AB - 01  สายพานลำเลียงแบบต่อเนื่อง;;2026-06-06 04:08:36.825267+00;dd98b2b3-c0ed-48b6-b3f4-139b89c539c7
1fb3d5a4-5f2e-42c8-a04e-a2453e74c2ee;7b7b3967-29cd-4097-8020-01b6e2d82209;1 – PK – CL - 07  สายพานลำเลียงแบบราบ;;2026-06-06 03:29:24.982173+00;dd98b2b3-c0ed-48b6-b3f4-139b89c539c7
0006081c-e5bc-4801-b477-6a8fde7e2f1e;7b7b3967-29cd-4097-8020-01b6e2d82209;1 – PK – CL - 09  สายพานลำเลียงแบบราบ;;2026-06-06 03:29:48.277242+00;dd98b2b3-c0ed-48b6-b3f4-139b89c539c7
20bf2bb8-e617-4e54-9452-a17974fecb1f;7b7b3967-29cd-4097-8020-01b6e2d82209;1 – PK – CL - 17  สายพานลำเลียงแบบราบ;;2026-06-06 03:31:20.612156+00;dd98b2b3-c0ed-48b6-b3f4-139b89c539c7
15efcbfb-a063-4ab9-82d2-c49613ff0abc;f052e305-1b1f-467d-ad13-3580f379cff3;1 – PK – AD – 02  แอร์ไดเออร์;;2026-06-06 03:43:01.725344+00;dd98b2b3-c0ed-48b6-b3f4-139b89c539c7
b9c167be-6507-42a0-9cae-15f5723ed135;b2cbb4ff-7d5d-4cc2-a6e8-d4639d1eef01;1 – PT – IC - 01  เครื่องสอดไส้เวเฟอร์;;2026-06-06 02:21:06.519231+00;72e122e2-76e3-44aa-a586-0a3f86291d77
7e39a230-2fd2-4eb6-a259-ccf9e3049768;a280c88e-0f0b-4ed0-bf10-c3e1742da5be;1-ST-MX-05  เครื่อง ผสม;;2026-07-18 01:41:44.170014+00;72e122e2-76e3-44aa-a586-0a3f86291d77
e149c13e-b34f-489e-afeb-078eb9f2e249;7784de97-4c89-408a-87d5-f785dcdcb314;3 – GD – FE –19   โฟล์คลิฟท์ไฟฟ้า;;2026-06-08 01:38:53.888323+00;755d8bf8-abaf-4e67-8c66-c04dab7755d0
7522d146-447a-4ef4-8065-436c8f7530a8;55fad102-58b8-4ed2-9a00-8770a0eabf40;1 – ST – HL – 01  แฮนด์ลิฟท์สโตร์;;2026-06-08 06:35:28.603329+00;755d8bf8-abaf-4e67-8c66-c04dab7755d0
925c26e6-43bb-4cb9-989a-0eba025f399e;55fad102-58b8-4ed2-9a00-8770a0eabf40;1 – ST – HL – 03  แฮนด์ลิฟท์สโตร์;;2026-06-08 06:35:42.522666+00;755d8bf8-abaf-4e67-8c66-c04dab7755d0
c455cfdf-8928-4608-9c43-e1b58068e884;55fad102-58b8-4ed2-9a00-8770a0eabf40;1 – ST – HL – 05  แฮนด์ลิฟท์สโตร์;;2026-06-08 06:35:59.182789+00;755d8bf8-abaf-4e67-8c66-c04dab7755d0
9228e5b3-090c-438f-a472-001ac3945673;55fad102-58b8-4ed2-9a00-8770a0eabf40;1 – ST – HL – 09   แฮนด์ลิฟท์สโตร์;;2026-06-08 06:36:10.000384+00;755d8bf8-abaf-4e67-8c66-c04dab7755d0
7137109f-4cfe-4fa9-9c87-afca567e8c26;fd4e8030-d6e5-470e-b7c6-bc396e9f15ed;2-OF-AC-55 แอร์;;2026-07-21 03:24:10.412072+00;755d8bf8-abaf-4e67-8c66-c04dab7755d0
896ba7bb-f3c7-471d-9f71-3d9ed6f0cfbf;fd4e8030-d6e5-470e-b7c6-bc396e9f15ed;2-OF-AC-68  แอร์;;2026-07-21 03:26:07.662614+00;755d8bf8-abaf-4e67-8c66-c04dab7755d0
708da5cf-b709-4aa4-a0fa-56fe49644d60;fd4e8030-d6e5-470e-b7c6-bc396e9f15ed;2-OF-AC-84 แอร์;;2026-07-21 03:27:12.031472+00;755d8bf8-abaf-4e67-8c66-c04dab7755d0
d6293189-3614-49d2-af68-62a58c463963;fd4e8030-d6e5-470e-b7c6-bc396e9f15ed;2-OF-AC-109   แอร์;;2026-07-21 03:28:13.545125+00;755d8bf8-abaf-4e67-8c66-c04dab7755d0
de089760-a18d-472f-8be4-9849276fc745;fd4e8030-d6e5-470e-b7c6-bc396e9f15ed;2-OF-AC-134   แอร์;;2026-07-21 03:35:18.43016+00;755d8bf8-abaf-4e67-8c66-c04dab7755d0
7f2b29b5-3e50-4c40-8ce8-ffe65cbc5581;fd4e8030-d6e5-470e-b7c6-bc396e9f15ed;2-OF-AC-136   แอร์;;2026-07-21 03:35:54.381446+00;755d8bf8-abaf-4e67-8c66-c04dab7755d0
2ff4e29f-2ad7-4ff7-ab95-23fefd271df3;d19cba69-c708-4473-9392-7c3a3be6ee46;1-PT-AC-23   แอร์;;2026-07-21 03:44:41.746343+00;755d8bf8-abaf-4e67-8c66-c04dab7755d0
d744952f-1704-4e0a-b335-df83a2a60518;b61f2182-e904-4e79-a156-5edb6001a6ff;0-EN-AC-16 แอร์เบอร์ 16;;2026-08-07 02:49:06.414415+00;755d8bf8-abaf-4e67-8c66-c04dab7755d0
506d89db-981c-47ef-82b2-25201c30ff83;;1 – PK – FW - 01;;2026-06-06 03:57:54.485681+00;dd98b2b3-c0ed-48b6-b3f4-139b89c539c7
39445b56-3921-434f-aac5-935c65e5f918;;กบ1;;2026-06-09 01:46:53.012744+00;dd98b2b3-c0ed-48b6-b3f4-139b89c539c7
c0764cf9-53a4-4240-8ea6-8511a8602c61;;ทส.1;;2026-06-09 01:15:31.677595+00;dd98b2b3-c0ed-48b6-b3f4-139b89c539c7
22052f8f-e37b-4d3a-b918-69eee376cfd9;;ทดสอบ2;;2026-06-09 01:44:48.797707+00;dd98b2b3-c0ed-48b6-b3f4-139b89c539c7
749967f5-c6e1-4141-90c0-400505c5dd2a;ed438e9e-f1f6-424c-9024-b0f86509d249;อื่นๆ;;2026-07-01 08:30:26.27677+00;755d8bf8-abaf-4e67-8c66-c04dab7755d0
cf769a71-f4f1-46e4-a974-b0c62938d6f0;32ef7fab-ec72-4e78-8d94-67669bb1e558;1– ST – GD – 01 เครื่องบดน้ำตาล;;2026-07-13 03:13:30.777811+00;72e122e2-76e3-44aa-a586-0a3f86291d77
15064bfe-9568-444d-a985-d53142b8250e;;นรนรนร;;2026-06-16 01:24:01.626988+00;dd98b2b3-c0ed-48b6-b3f4-139b89c539c7
d1bac601-ea97-4268-a35d-0c9431a5375d;;1 – PT – BC – 01;;2026-06-06 02:13:49.957452+00;72e122e2-76e3-44aa-a586-0a3f86291d77
03e5d34f-f09d-44df-b2ce-a3bb25ade1da;;หลอดไฟ;;2026-07-06 01:15:13.662774+00;755d8bf8-abaf-4e67-8c66-c04dab7755d0
31101fe5-2d24-4aac-9bf3-687eca77dcb7;8568e49e-eef5-4361-aaf6-76d025693e77;อื่นๆ (ของช่างทั่วไป);;2026-07-06 01:32:19.556467+00;755d8bf8-abaf-4e67-8c66-c04dab7755d0
a46f35a6-697d-49b6-afe5-127b6c1788ca;8568e49e-eef5-4361-aaf6-76d025693e77;อื่นๆ (ของช่างผลิต);;2026-07-06 01:32:36.284723+00;72e122e2-76e3-44aa-a586-0a3f86291d77
de08db1a-85c7-4b88-a53c-c8c7a5a6b9b9;8568e49e-eef5-4361-aaf6-76d025693e77;อื่นๆ (ของช่างบรรจุ);;2026-07-06 01:33:03.131446+00;dd98b2b3-c0ed-48b6-b3f4-139b89c539c7
e9ccbdc9-d73c-4f6d-8dd1-fe863e104332;;ปืนยิงกาว;;2026-07-01 08:34:49.43119+00;dd98b2b3-c0ed-48b6-b3f4-139b89c539c7
d08aa952-10e4-4501-b0e9-86294d017324;;อื่นๆ (ของช่างทั่วไป);;2026-07-06 01:28:05.965015+00;755d8bf8-abaf-4e67-8c66-c04dab7755d0
8dee78d4-2abb-40ee-8374-91a13c0dfb4b;;อื่นๆ (ของช่างบรรจุ);;2026-07-06 01:28:55.434425+00;dd98b2b3-c0ed-48b6-b3f4-139b89c539c7
7b8db7fc-3d09-4ec3-85c3-1e1d2d5aa664;a3e64439-c1fa-4645-b93a-2880d8809946;อื่นๆ;;2026-07-06 01:42:03.214981+00;755d8bf8-abaf-4e67-8c66-c04dab7755d0
9f07e27d-5a59-4f81-8d60-52b6003158a8;5f88d626-bc92-4625-8fb6-10ff8cb5b655;อื่นๆ;;2026-07-06 01:44:16.589295+00;755d8bf8-abaf-4e67-8c66-c04dab7755d0
3b89b7e2-20f7-41ab-a03d-c22140b439d1;;ระบุรายละเอียด;;2026-07-04 10:03:59.117504+00;dd98b2b3-c0ed-48b6-b3f4-139b89c539c7
5acd961a-72e3-4aad-9298-ccb61b5de76c;60fdb7f3-75ed-46f3-8c68-76cea1818c8c;ระบุรายละเอียด;;2026-07-06 02:46:22.903175+00;dd98b2b3-c0ed-48b6-b3f4-139b89c539c7
02fe1b9d-a4d6-4b7a-bc33-d466c33c137b;4bddcd3a-5051-4595-8a09-3afe48fc8dfc;ทั่วไป;;2026-07-06 02:50:03.858704+00;755d8bf8-abaf-4e67-8c66-c04dab7755d0
363b6d55-9c39-49b4-bd6a-ce7051c3cb1c;32ef7fab-ec72-4e78-8d94-67669bb1e558;1– ST – GD – 02  เครื่องบดน้ำตาล;;2026-07-13 03:16:27.344369+00;72e122e2-76e3-44aa-a586-0a3f86291d77
156e13a6-f108-4e01-ba16-07c8989000a2;3f463100-d4f4-4b12-a205-54cfabbdd77a;แจ้งรายละเอียด (งานของช่างทั่วไป);;2026-07-06 03:26:27.26807+00;755d8bf8-abaf-4e67-8c66-c04dab7755d0
fa6d2d9d-795e-4458-8a35-4dfb04d29d13;3b9c8b03-1b6b-46a8-91a1-c68f9427058e;1-PT-OV-07 เตาอบ;;2026-06-06 02:00:39.150752+00;72e122e2-76e3-44aa-a586-0a3f86291d77
7dfc60e0-99ed-4aa5-be02-f395912addf7;adb443a5-1888-4830-a0d6-bd78bbc7292b;1-PT-AC-28  แอร์;;2026-07-02 03:21:41.375566+00;755d8bf8-abaf-4e67-8c66-c04dab7755d0
ae858578-f5e9-4838-b2d3-fdd9c277da46;99d3232b-2082-4b01-bd08-e740122f52cf;1-PK-AC-19  แอร์;;2026-07-16 06:56:03.389359+00;755d8bf8-abaf-4e67-8c66-c04dab7755d0
93f65ba4-258a-4cc2-ac2b-861006275dbf;347f4266-d8a3-40ce-8211-08f483372408;เครื่อง FUJI TYPE FW-77 เบอร์ 01;;2026-06-09 01:20:25.897959+00;dd98b2b3-c0ed-48b6-b3f4-139b89c539c7
75a05157-5603-42e5-9303-d736f9c0923e;99d3232b-2082-4b01-bd08-e740122f52cf;1-PK-AC-72  แอร์;;2026-07-16 07:11:50.183486+00;755d8bf8-abaf-4e67-8c66-c04dab7755d0
38b273a1-5caa-446a-939f-0e7cd4de0b03;cee4bac9-45b4-4d53-9b29-1d4c115720eb;เครื่อง SMARTPACK เบอร์ 01;;2026-06-06 03:22:44.919485+00;dd98b2b3-c0ed-48b6-b3f4-139b89c539c7
06a400c6-d455-48c2-9ab4-d17885da7aa6;99d3232b-2082-4b01-bd08-e740122f52cf;1-PK-AC-73  แอร์;;2026-07-16 07:12:18.909286+00;755d8bf8-abaf-4e67-8c66-c04dab7755d0
f0613b2f-d35c-40c4-912a-2e9bf9accd9b;99d3232b-2082-4b01-bd08-e740122f52cf;1-PK-AC-76 แอร์;;2026-07-16 07:14:27.673246+00;755d8bf8-abaf-4e67-8c66-c04dab7755d0
4aceab7a-ec82-40f5-91dd-3c5b8164e890;2d541697-f2f7-48c2-89d3-496f4d41eb0f;เครื่องซิลแบบเท้าเหยียบ รุ่น PFS – 4 - 450 01;;2026-06-06 04:38:57.168634+00;dd98b2b3-c0ed-48b6-b3f4-139b89c539c7
6610b943-4577-4e5e-adec-c69d7cccb09f;152607f6-38fd-44ca-9acd-7d67412bba06;1 – PK – MP – 04  เครื่องตรวจจับโลหะ     ใช้กับเครื่อง SP01;;2026-06-06 04:10:45.278075+00;dd98b2b3-c0ed-48b6-b3f4-139b89c539c7
15ec19e1-8b03-418e-946f-bbbd789aa9ef;a6fd5768-3767-4f5a-b59e-37c54a766d19;เครื่อง INKJET(ยิงซอง+กล่องใน)  เบอร์  03;;2026-06-06 04:04:52.426562+00;dd98b2b3-c0ed-48b6-b3f4-139b89c539c7
8deaa221-204e-4af7-8378-5020cbdf11ed;a6fd5768-3767-4f5a-b59e-37c54a766d19;เครื่อง INKJET(ยิงซอง+กล่องใน) เบอร์ 04;;2026-06-06 04:05:13.093925+00;dd98b2b3-c0ed-48b6-b3f4-139b89c539c7
e17e7d9f-da74-4fa7-985c-9142e771499d;cee4bac9-45b4-4d53-9b29-1d4c115720eb;เครื่อง SMARTPACK เบอร์ 02;;2026-06-06 03:22:53.242496+00;dd98b2b3-c0ed-48b6-b3f4-139b89c539c7
5fdab631-1553-499b-8bd9-011967b7d926;f052e305-1b1f-467d-ad13-3580f379cff3;1 - PK - AD - 03  แอร์ไดเออร์;;2026-07-09 09:10:58.284897+00;dd98b2b3-c0ed-48b6-b3f4-139b89c539c7
24582462-b1cb-4569-8713-9130d985b2de;99d3232b-2082-4b01-bd08-e740122f52cf;1-PK-AC-95 แอร์;;2026-07-16 07:14:55.33364+00;755d8bf8-abaf-4e67-8c66-c04dab7755d0
69271736-8e9f-4bc5-8bcf-b67a575d0fa4;99d3232b-2082-4b01-bd08-e740122f52cf;1-PK-AC-96 แอร์;;2026-07-16 07:15:18.946355+00;755d8bf8-abaf-4e67-8c66-c04dab7755d0
4276b356-7ba0-4dbc-8bb8-36866375aef1;99d3232b-2082-4b01-bd08-e740122f52cf;1-PK-AC-97 แอร์;;2026-07-16 07:16:03.932572+00;755d8bf8-abaf-4e67-8c66-c04dab7755d0
81a69de2-9660-4d01-aaa6-da2febbf1676;99d3232b-2082-4b01-bd08-e740122f52cf;1-PK-AC-98 แอร์;;2026-07-16 07:16:34.401129+00;755d8bf8-abaf-4e67-8c66-c04dab7755d0
4b10c2b8-fd15-42e6-96a4-33beff5552c5;99d3232b-2082-4b01-bd08-e740122f52cf;1-PK-AC-102 แอร์;;2026-07-16 07:17:01.701791+00;755d8bf8-abaf-4e67-8c66-c04dab7755d0
6e6bddc1-4da3-47a8-8c53-9670969c26c6;328211b8-26d6-4a83-b2ee-328143ca3855;1 – ST – FE –11  โฟล์คลิฟท์ไฟฟ้าสโตร์;;2026-06-08 06:38:53.774989+00;755d8bf8-abaf-4e67-8c66-c04dab7755d0
d463560f-a466-42c7-8e1e-4a8f31d6702f;99d3232b-2082-4b01-bd08-e740122f52cf;1-PK-AC-104 แอร์;;2026-07-16 07:19:05.595554+00;755d8bf8-abaf-4e67-8c66-c04dab7755d0
c95eb356-8fce-478e-bc6a-dff98a66bf58;99d3232b-2082-4b01-bd08-e740122f52cf;1-PK-AC-107 แอร์;;2026-07-16 07:19:31.025219+00;755d8bf8-abaf-4e67-8c66-c04dab7755d0
17a0dd50-7097-46da-8a83-66aa2558e7c3;99d3232b-2082-4b01-bd08-e740122f52cf;1-PK-AC-125 แอร์;;2026-07-16 07:20:22.940885+00;755d8bf8-abaf-4e67-8c66-c04dab7755d0
6b8f48a9-b31c-4805-b290-1a95b587e8b1;99d3232b-2082-4b01-bd08-e740122f52cf;1-PK-AC-126 แอร์;;2026-07-16 07:20:54.127939+00;755d8bf8-abaf-4e67-8c66-c04dab7755d0
8577fad2-0af8-45b8-83cb-1fe3d119de00;99d3232b-2082-4b01-bd08-e740122f52cf;1-PK-AC-127 แอร์;;2026-07-16 07:21:26.610058+00;755d8bf8-abaf-4e67-8c66-c04dab7755d0
6fae8c28-86ec-4102-b527-b123c29b885f;99d3232b-2082-4b01-bd08-e740122f52cf;1-PK-AC-145 แอร์;;2026-07-16 07:21:48.238446+00;755d8bf8-abaf-4e67-8c66-c04dab7755d0
a9b031dd-cac8-4498-a95e-73c44288e239;99d3232b-2082-4b01-bd08-e740122f52cf;1-PK-AC-146 แอร์;;2026-07-16 07:22:19.818179+00;755d8bf8-abaf-4e67-8c66-c04dab7755d0
63f7b127-a477-46f1-bd1f-181d634dfa16;328211b8-26d6-4a83-b2ee-328143ca3855;3 – ST – FE –18  โฟล์คลิฟท์ไฟฟ้าสโตร์;;2026-06-08 06:39:06.383792+00;755d8bf8-abaf-4e67-8c66-c04dab7755d0
d4c5fb01-adfa-45bd-b441-be8c701f970d;328211b8-26d6-4a83-b2ee-328143ca3855;3 – ST – FE –22  โฟล์คลิฟท์ไฟฟ้าสโตร์;;2026-06-08 06:39:16.44166+00;755d8bf8-abaf-4e67-8c66-c04dab7755d0
ee5d469f-25e2-47f1-a030-9ea29951cef9;c721925f-3ae1-4c88-9444-0c0fe6ef1b9f;1-PK-HL-11    แฮนด์ลิฟท์;;2026-07-16 06:49:07.96271+00;755d8bf8-abaf-4e67-8c66-c04dab7755d0
dc67baf5-8e2b-445d-bf26-e8b74671677d;c721925f-3ae1-4c88-9444-0c0fe6ef1b9f;1-PK-HL-10 แฮนด์ลิฟท์;;2026-07-16 06:48:29.969794+00;755d8bf8-abaf-4e67-8c66-c04dab7755d0
9cdce375-4c98-4b21-8736-95ece2ffe127;55fad102-58b8-4ed2-9a00-8770a0eabf40;1 – ST – HL –21  แฮนด์ลิฟท์สโตร์;;2026-06-08 06:36:28.276177+00;755d8bf8-abaf-4e67-8c66-c04dab7755d0
1fb8d1b0-da80-47da-bb55-c01a4d8432b8;c721925f-3ae1-4c88-9444-0c0fe6ef1b9f;1-PK-HL-28  แฮนด์ลิฟท์;;2026-07-15 06:38:44.234297+00;755d8bf8-abaf-4e67-8c66-c04dab7755d0
f1d8d5fa-0521-4878-a1a2-deb3f65c0616;c721925f-3ae1-4c88-9444-0c0fe6ef1b9f;1-PK-HL-27 แฮนด์ลิฟท์;;2026-07-15 06:51:07.946131+00;755d8bf8-abaf-4e67-8c66-c04dab7755d0
96cd1b51-6c30-4a11-8b8f-07456d40a0d6;55fad102-58b8-4ed2-9a00-8770a0eabf40;1 – ST – HL –22  แฮนด์ลิฟท์สโตร์;;2026-06-08 06:36:41.951318+00;755d8bf8-abaf-4e67-8c66-c04dab7755d0
17d393f0-0672-4c70-ac83-3b31f429eea6;dcb2c558-a663-4ba3-97b8-95658dc14ffc;1-PK-FL-02  เครื่อง ตัด L-SEAL;;2026-06-06 03:53:00.920805+00;dd98b2b3-c0ed-48b6-b3f4-139b89c539c7
2b68f5fc-ad53-4ab2-b06f-1c0d5edca1ef;3f463100-d4f4-4b12-a205-54cfabbdd77a;แจ้งรายละเอียด (งานของช่างผลิต);;2026-07-06 03:26:55.520566+00;72e122e2-76e3-44aa-a586-0a3f86291d77
e23ec708-2f30-43c7-a9b8-b770d2c4a0ff;345306ff-af94-4a88-8959-3ef69a24ae24;อื่นๆ (ของช่างทั่วไป);;2026-07-06 01:16:45.157915+00;755d8bf8-abaf-4e67-8c66-c04dab7755d0
11d8f768-b52c-4774-829d-4a9aea2f8299;a6fd5768-3767-4f5a-b59e-37c54a766d19;เครื่อง INKJET(ยิงซอง+กล่องใน) เเบอร์ 06;;2026-06-06 04:05:25.046415+00;dd98b2b3-c0ed-48b6-b3f4-139b89c539c7
74a881f0-2841-4376-917e-99000833002f;b2cbb4ff-7d5d-4cc2-a6e8-d4639d1eef01;1 – PT – IC – 03  เครื่องสอดไส้เวเฟอร์;;2026-06-06 02:21:34.142449+00;72e122e2-76e3-44aa-a586-0a3f86291d77
4530f753-e029-4536-be3b-9e0045d573a2;a280c88e-0f0b-4ed0-bf10-c3e1742da5be;1-ST-MX-06  เครื่อง ผสม;;2026-07-18 01:43:21.634147+00;72e122e2-76e3-44aa-a586-0a3f86291d77
ead35999-dcb0-4d64-972d-799918f6268b;718a5daa-2788-4fa8-a069-774e61e99e58;3-ST-FO-20  โฟล์คลิฟท์น้ำมัน;;2026-07-18 07:16:06.638575+00;755d8bf8-abaf-4e67-8c66-c04dab7755d0
d6256fa6-edfa-435a-9656-80ce4d0011c5;fd4e8030-d6e5-470e-b7c6-bc396e9f15ed;2-OF-AC-57 แอร์;;2026-07-21 03:24:38.208007+00;755d8bf8-abaf-4e67-8c66-c04dab7755d0
90f8150f-f96f-4456-a6d2-4d074ca79751;fd4e8030-d6e5-470e-b7c6-bc396e9f15ed;2-OF-AC-59 แอร์;;2026-07-21 03:24:57.212542+00;755d8bf8-abaf-4e67-8c66-c04dab7755d0
f78f36ba-516e-45e0-95e5-e89c6b9c2a8a;d19cba69-c708-4473-9392-7c3a3be6ee46;1-PT-AC-122   แอร์;;2026-07-21 03:45:37.220365+00;755d8bf8-abaf-4e67-8c66-c04dab7755d0
02b916a0-490d-411e-b79c-d8501fe2acb6;d19cba69-c708-4473-9392-7c3a3be6ee46;1-PT-AC-123   แอร์;;2026-07-21 03:45:57.554093+00;755d8bf8-abaf-4e67-8c66-c04dab7755d0
4c20f827-f69c-41e6-a22a-51a55b2d7441;345306ff-af94-4a88-8959-3ef69a24ae24;อื่นๆ (ของช่างผลิต);;2026-09-02 04:20:37.299692+00;72e122e2-76e3-44aa-a586-0a3f86291d77
d4127016-9bfe-4a13-910b-6fc4b04d9a61;21f2ba87-c305-4125-bbbf-7d5aa8a95cf2;1 – PK – NG – 01  เครื่องผลิตไนโตรเจน;;2026-06-06 04:12:49.374974+00;dd98b2b3-c0ed-48b6-b3f4-139b89c539c7
7748b51f-ba87-49e9-aca0-b2b94e7481b6;2b27c028-4141-47c7-9afb-068cf6e46cff;1 – PK – IC – 01  เครื่องพิมพ์วันที่(ยิงกล่องนอก);;2026-06-06 04:06:22.992627+00;dd98b2b3-c0ed-48b6-b3f4-139b89c539c7
a1325e71-95f7-4724-8aa4-cc36c5e8aa76;2b27c028-4141-47c7-9afb-068cf6e46cff;1 – PK – IC – 03   เครื่องพิมพ์วันที่(ยิงกล่องนอก);;2026-06-06 04:07:03.965923+00;dd98b2b3-c0ed-48b6-b3f4-139b89c539c7
5011a967-a6d3-4709-88ff-e568725533d3;8fb60919-05a3-47e7-9f76-6458062c494a;1 – PK – HP - 02  เครื่องแพ็คแนวนอน HOPACK;;2026-06-06 03:59:59.094639+00;dd98b2b3-c0ed-48b6-b3f4-139b89c539c7
31d18a44-4545-4b43-b9c9-b54f0b10e83d;8fb60919-05a3-47e7-9f76-6458062c494a;1 – PK – HP - 04   เครื่องแพ็คแนวนอน HOPACK;;2026-06-06 04:00:24.21298+00;dd98b2b3-c0ed-48b6-b3f4-139b89c539c7
87a4a777-da6f-4f9b-bfb3-8b2d4795aca2;eaa04618-e539-4003-ae64-526230033070;1 – PK – CP – 03  เครื่องปั้มลมสกูร;;2026-06-06 03:40:15.056161+00;dd98b2b3-c0ed-48b6-b3f4-139b89c539c7
fbe1db5d-e751-4091-a6d9-bc3ac77abfa8;b93b4434-5fe8-41c2-ba79-67512c3c1ad8;1 – PK – SE - 06 เครื่องรีด;;2026-06-06 03:24:44.800137+00;dd98b2b3-c0ed-48b6-b3f4-139b89c539c7
2063927b-675b-4ab6-9114-cb14694794bb;b93b4434-5fe8-41c2-ba79-67512c3c1ad8;1 – PK – SE - 18  เครื่องรีด;;2026-06-06 03:25:31.469145+00;dd98b2b3-c0ed-48b6-b3f4-139b89c539c7
d144f8dc-c615-4105-b6b3-bd0eb00a5da0;b93b4434-5fe8-41c2-ba79-67512c3c1ad8;1 – PK – SE - 22  เครื่องรีด;;2026-06-06 03:26:07.351361+00;dd98b2b3-c0ed-48b6-b3f4-139b89c539c7
0c89c28e-0ca7-4f56-ae91-350c4c0e3882;7110c454-c2ce-46e0-ad17-5c590abf8361;1 – PK – SF – 05  เครื่องห่อฟิล์ม;;2026-06-06 03:45:48.411183+00;dd98b2b3-c0ed-48b6-b3f4-139b89c539c7
fc8ffc18-26d3-4275-8d48-65223f3a9fcc;7110c454-c2ce-46e0-ad17-5c590abf8361;1 – PK – SF – 08  เครื่องห่อฟิล์ม;;2026-06-06 03:49:20.638958+00;dd98b2b3-c0ed-48b6-b3f4-139b89c539c7
392bde1e-be7c-406d-91a0-855316dfea10;7b7b3967-29cd-4097-8020-01b6e2d82209;1 – PK – CL - 03  สายพานลำเลียงแบบราบ;;2026-06-06 03:29:03.447698+00;dd98b2b3-c0ed-48b6-b3f4-139b89c539c7
123ffcb7-cf51-4255-a85a-27fa14276b59;7b7b3967-29cd-4097-8020-01b6e2d82209;1 – PK – CL - 14  สายพานลำเลียงแบบราบ;;2026-06-06 03:30:40.547476+00;dd98b2b3-c0ed-48b6-b3f4-139b89c539c7
f54f7aa2-b568-4766-afcf-e4c509fd7f44;6a73ba57-b80f-44cf-abf2-26a628226b4f;1 – PK – CS - 05  สายพานลำเลียงแบบเอียง;;2026-06-06 03:27:47.139997+00;dd98b2b3-c0ed-48b6-b3f4-139b89c539c7
7ca50de1-9a8b-466f-ac03-90488382c298;732c99c8-4958-4577-a947-02704dae8fdc;1 – PT – TM – 03  เครื่องตีแป้ง;;2026-06-06 02:16:05.085302+00;72e122e2-76e3-44aa-a586-0a3f86291d77
5e64e7ee-1fec-417d-8776-da2ee2342990;90d449bb-88b9-4c0b-b2df-99b7aa597062;1 – PT – TI - 02  เครื่องถังฉีดครีมเครื่องยิง;;2026-06-06 02:19:11.216503+00;72e122e2-76e3-44aa-a586-0a3f86291d77
197b7e53-992a-4a87-ad22-11dc76b9b1dc;3b9c8b03-1b6b-46a8-91a1-c68f9427058e;1-PT-OV-04  เตาอบ;;2026-06-06 02:00:07.147188+00;72e122e2-76e3-44aa-a586-0a3f86291d77
d2a0ef82-b540-423c-b687-8c52e7c5e16f;a280c88e-0f0b-4ed0-bf10-c3e1742da5be;1-ST-MX-08  เครื่อง ผสม;;2026-07-18 01:43:57.530962+00;72e122e2-76e3-44aa-a586-0a3f86291d77
8f611c8c-a86c-4ee6-8d5f-0a7686fa94c9;bf714b82-b7ad-451b-86ce-c9395469f118;1-PT-AC-30  แอร์;;2026-07-17 07:36:35.653788+00;755d8bf8-abaf-4e67-8c66-c04dab7755d0
4491c361-12cd-4866-af5c-dabb85beb27a;bf714b82-b7ad-451b-86ce-c9395469f118;1-PT-AC-29  แอร์;;2026-07-17 07:35:37.27952+00;755d8bf8-abaf-4e67-8c66-c04dab7755d0
17bc2779-b8ad-4c84-af77-591482a17ba7;6a73ba57-b80f-44cf-abf2-26a628226b4f;1 – PK – CS - 01  สายพานลำเลียงแบบเอียง;;2026-06-06 03:27:14.159688+00;dd98b2b3-c0ed-48b6-b3f4-139b89c539c7
f7c1211e-7d18-4f6c-8f63-20de145c021e;797cfb7c-41f5-4f95-a408-1d339c3841d4;3 – GD – HL –12  แฮนด์ลิฟท์;;2026-06-08 03:10:00.807405+00;755d8bf8-abaf-4e67-8c66-c04dab7755d0
6ce1d36a-200d-42c5-b96a-2a881f7bdc45;fd4e8030-d6e5-470e-b7c6-bc396e9f15ed;2-OF-AC-60 แอร์;;2026-07-21 03:25:17.829057+00;755d8bf8-abaf-4e67-8c66-c04dab7755d0
499682eb-2fea-4fc1-9a94-8701c502c763;d19cba69-c708-4473-9392-7c3a3be6ee46;1-PT-AC-124   แอร์;;2026-07-21 03:46:19.501432+00;755d8bf8-abaf-4e67-8c66-c04dab7755d0
f3be314d-f1a1-499e-bd8b-0b54588eaaf3;dcb2c558-a663-4ba3-97b8-95658dc14ffc;1-PK-FL-05  เครื่อง ตัด L-SEAL;;2026-06-06 03:53:41.976701+00;dd98b2b3-c0ed-48b6-b3f4-139b89c539c7
5810f6a2-5611-40fa-b3b0-aabc2c55eaa2;b61f2182-e904-4e79-a156-5edb6001a6ff;1-PT-AC- 27แอร์เบอร์ 27;;2026-09-12 06:21:35.27158+00;755d8bf8-abaf-4e67-8c66-c04dab7755d0