id;req_date;part_code;part_name;qty;job_code;job_id;repairer_id;department_id;created_by;source;created_at;updated_at
dab399f7-b745-4380-bff6-209118d49468;2026-07-10;0401E4-00026/001;ปลั๊กตัวผู้แบบยาง 3ขา;1;260709001;;;dd98b2b3-c0ed-48b6-b3f4-139b89c539c7;9b15b405-4695-46a4-b384-ee5feb992a7c;leader;2026-07-11 04:02:04.568673+00;2026-07-11 04:02:04.568673+00
530fde96-d38d-4ff7-bea6-a5850ab8f0ab;2026-07-11;0401E6-00013	015;หลอดไฟ Shining นีออน LED Tube T8;1หลอด;260710003;18206b7f-f359-4669-b0f2-a7736b56a4aa;2600fa0f-deae-4983-a9a4-a6253f0f8ad0;755d8bf8-abaf-4e67-8c66-c04dab7755d0;2600fa0f-deae-4983-a9a4-a6253f0f8ad0;repairer;2026-07-11 07:09:16.027297+00;2026-07-11 07:09:16.027297+00
4a31b35a-b3c7-4aca-ace7-12c8338822ce;2026-07-11;0401E4-00026/001;ปลั๊กตัวผู้แบบยาง 3ขา;1ตัว;260709001;7b4ac2ff-17cb-4639-b9f6-203d6d67cc1f;aee8cef8-8534-459f-94b8-9de40933bee7;dd98b2b3-c0ed-48b6-b3f4-139b89c539c7;aee8cef8-8534-459f-94b8-9de40933bee7;repairer;2026-07-11 09:10:45.825185+00;2026-07-11 09:10:45.825185+00
bdc92c4c-b01d-435f-9db3-9b732cf98a4c;2026-07-14;0401E7-00503/001;pin เสียบถ่างM2*32;20;260713005;;;72e122e2-76e3-44aa-a586-0a3f86291d77;618867a9-9f7c-4e77-96cd-3c6be6f2a0ac;leader;2026-07-14 04:29:14.636803+00;2026-07-14 04:29:14.636803+00
56aa8c70-94ff-4400-9ed1-d22cf6431404;2026-07-14;0401E8-00163/001;เทปฟรอยอลูมิเนียมขนาด 2 ิ้ว;3;260713005;;;72e122e2-76e3-44aa-a586-0a3f86291d77;618867a9-9f7c-4e77-96cd-3c6be6f2a0ac;leader;2026-07-14 04:30:26.79058+00;2026-07-14 04:30:26.79058+00
41fd0462-494a-4c03-811f-7d6db07cd0b2;2026-07-14;0401E2-00023/001;ตลับลูกปืน UCP 207;1;260713005;;;72e122e2-76e3-44aa-a586-0a3f86291d77;618867a9-9f7c-4e77-96cd-3c6be6f2a0ac;leader;2026-07-14 04:33:01.365529+00;2026-07-14 04:33:01.365529+00
4f78ea44-61be-4941-97b5-a31758104154;2026-07-15;0401E2-00089    003;ตลับลูกปืน 6309 Z/C3 SKF;2;260714001;2de10710-c2ec-4867-841f-e782bca43c75;14a61d91-95ef-411a-b313-dae02e0f86a9;72e122e2-76e3-44aa-a586-0a3f86291d77;14a61d91-95ef-411a-b313-dae02e0f86a9;repairer;2026-07-15 08:41:27.387909+00;2026-07-15 08:41:27.387909+00
3c90dd7b-3d6b-4aed-80fc-43570599d117;2026-07-16;99EXP-00265/003;ยางหลังใหม่ยางตัน600-9ยี้ห้อKomachi;2;260703006;b7da84b1-8f55-4095-b21d-5689fe9fdc45;6fff3037-214c-4188-8332-997730090207;755d8bf8-abaf-4e67-8c66-c04dab7755d0;6fff3037-214c-4188-8332-997730090207;repairer;2026-07-16 02:40:48.03466+00;2026-07-16 02:40:48.03466+00
cc058911-b199-42e4-ac72-cde26df1643c;2026-07-16;99EXP-00265/004;ค่าบริการเปลี่ยนยางหลัง​ 2​ เส้น;1;260703006;b7da84b1-8f55-4095-b21d-5689fe9fdc45;6fff3037-214c-4188-8332-997730090207;755d8bf8-abaf-4e67-8c66-c04dab7755d0;6fff3037-214c-4188-8332-997730090207;repairer;2026-07-16 02:40:48.03466+00;2026-07-16 02:40:48.03466+00
b0631d28-1215-446f-a508-8d810e8f8f8f;2026-07-16;99EXP-00265/010;ยางหลังใหม่ยางตันยี้ห้อKomachi;2;260703006;;;755d8bf8-abaf-4e67-8c66-c04dab7755d0;0c4b9136-172d-4a37-82e6-5ee810cf0fe9;leader;2026-07-16 03:43:28.189131+00;2026-07-16 03:43:28.189131+00
fc44d8c8-99f4-412a-907d-536aea34dfb9;2026-07-17;0401E6-00013	015;หลอดไฟ Shining นีออน LED Tube T8;1​หลอด;260715001;5b1d7dfd-5a34-46c2-a93e-f11baefa6ade;6fff3037-214c-4188-8332-997730090207;755d8bf8-abaf-4e67-8c66-c04dab7755d0;6fff3037-214c-4188-8332-997730090207;repairer;2026-07-17 03:23:39.4119+00;2026-07-17 03:23:39.4119+00
a07ea484-c507-4383-9dda-5e52225a3b77;2026-07-18;0401E8-00074 / 007;รีเลย์ MY4N 220 VAC;2;260713007;ea9c1c14-8dd5-4329-9c27-2d68e02a4be8;bd10cd0f-07af-4f58-87d9-595a76cd55f5;dd98b2b3-c0ed-48b6-b3f4-139b89c539c7;bd10cd0f-07af-4f58-87d9-595a76cd55f5;repairer;2026-07-18 07:30:37.873477+00;2026-07-18 07:30:37.873477+00
529ff941-8da0-46ff-9b13-626a006ef455;2026-07-18;0401E8-00074/001;รีเลย์ MY4N 24VDC พร้อมซอกเก็ต OMRON;3;260713007;ea9c1c14-8dd5-4329-9c27-2d68e02a4be8;bd10cd0f-07af-4f58-87d9-595a76cd55f5;dd98b2b3-c0ed-48b6-b3f4-139b89c539c7;bd10cd0f-07af-4f58-87d9-595a76cd55f5;repairer;2026-07-18 07:30:37.873477+00;2026-07-18 07:30:37.873477+00
7242da1f-8069-4f41-b2c3-18a878044284;2026-07-20;0401E4-00348/003;น้ำยา;1;260717010;b1a02c89-98e6-4d23-9888-ecbbc388864e;2600fa0f-deae-4983-a9a4-a6253f0f8ad0;755d8bf8-abaf-4e67-8c66-c04dab7755d0;2600fa0f-deae-4983-a9a4-a6253f0f8ad0;repairer;2026-07-20 02:22:40.191165+00;2026-07-20 02:22:40.191165+00
2a67c3ab-5990-420e-bb86-9776a35a230e;2026-07-20;0401e2-00023/001;ตลับลูกปืน UCP 207;1;260713005;2deab1f9-9285-4b5b-846a-1d8308ba2fcd;d115f163-f902-496c-9630-73dee8d85e47;72e122e2-76e3-44aa-a586-0a3f86291d77;d115f163-f902-496c-9630-73dee8d85e47;repairer;2026-07-20 02:24:33.26803+00;2026-07-20 02:24:33.26803+00
195d0c60-8684-405e-bb2f-3743acef997e;2026-07-21;0401E4-00456/006;หลอดไฟดักแมลงเบล็คไลท์ t-8/18W;1 หลอด;260715002;9e1440cc-eb93-4ba6-ba94-39e608fb9a5d;6fff3037-214c-4188-8332-997730090207;755d8bf8-abaf-4e67-8c66-c04dab7755d0;6fff3037-214c-4188-8332-997730090207;repairer;2026-07-21 03:11:58.867143+00;2026-07-21 03:11:58.867143+00
ab55fc26-bc53-4d79-a2fc-014eeb63375d;2026-07-21;0401E4-00039/003;บาลาส 18w;2 ea;260715002;9e1440cc-eb93-4ba6-ba94-39e608fb9a5d;6fff3037-214c-4188-8332-997730090207;755d8bf8-abaf-4e67-8c66-c04dab7755d0;6fff3037-214c-4188-8332-997730090207;repairer;2026-07-21 03:11:58.867143+00;2026-07-21 03:11:58.867143+00
e2c0cf90-e4da-4f20-8376-1f9755f0d197;2026-07-21;0401E-00154/002;ใช้โทรศัพท์ครับ;1;260721010;284ca7e2-8ed2-4018-a8a3-005c837d12d6;2600fa0f-deae-4983-a9a4-a6253f0f8ad0;755d8bf8-abaf-4e67-8c66-c04dab7755d0;2600fa0f-deae-4983-a9a4-a6253f0f8ad0;repairer;2026-07-21 07:57:16.24693+00;2026-07-21 07:57:16.24693+00
3db29333-47a0-49dd-b040-d963bff76c42;2026-07-21;0401E4-00154/002;เปลี่ยนสาย 1 เส้นเปลี่ยนสาย 1 เส้น;1;260721005;607ccda5-e1c4-478b-9268-a28e41fa619e;2600fa0f-deae-4983-a9a4-a6253f0f8ad0;755d8bf8-abaf-4e67-8c66-c04dab7755d0;2600fa0f-deae-4983-a9a4-a6253f0f8ad0;repairer;2026-07-21 08:00:37.880102+00;2026-07-21 08:00:37.880102+00
1bc71e2d-baf6-47bf-8626-d82ebb9fa464;2026-07-21;0401E7-00300/003;"ชุดเบรคเครื่องเวเฟอร์""pei-Ei,""Brand electromagnetic Brake dc24v";1pcs;260720001;c0544c95-6c8b-4070-8eb0-4a42ffb82f5b;18315ef5-0d9a-4c48-836b-d172ad01c347;72e122e2-76e3-44aa-a586-0a3f86291d77;18315ef5-0d9a-4c48-836b-d172ad01c347;repairer;2026-07-21 08:39:01.21676+00;2026-07-21 08:39:01.21676+00
5b53de3e-29ad-4762-be29-5a5b7e03ec4f;2026-07-21;0401E7-00300/004;"ชุดครัชเครื่องเวเฟอร์""pei-Ei""Brand electromagnetic clutch Dc24v";1pcs;260720001;c0544c95-6c8b-4070-8eb0-4a42ffb82f5b;18315ef5-0d9a-4c48-836b-d172ad01c347;72e122e2-76e3-44aa-a586-0a3f86291d77;18315ef5-0d9a-4c48-836b-d172ad01c347;repairer;2026-07-21 08:39:01.21676+00;2026-07-21 08:39:01.21676+00
e0ca8bcc-0140-4a85-a851-25a534c9aa59;2026-07-21;0401E7-00442/003;กลึงเพลาชุดเบรค-ครัชขนาด16มิลตกปากจี้ร่องยาว96มิล;1pcs;260720001;c0544c95-6c8b-4070-8eb0-4a42ffb82f5b;18315ef5-0d9a-4c48-836b-d172ad01c347;72e122e2-76e3-44aa-a586-0a3f86291d77;18315ef5-0d9a-4c48-836b-d172ad01c347;repairer;2026-07-21 08:39:01.21676+00;2026-07-21 08:39:01.21676+00
167af22b-75b5-4523-ad2c-25e6e58b4816;2026-07-21;0401E2-00059/001;ตลับลูกปืน6202zz skf;4fla;260720001;c0544c95-6c8b-4070-8eb0-4a42ffb82f5b;18315ef5-0d9a-4c48-836b-d172ad01c347;72e122e2-76e3-44aa-a586-0a3f86291d77;18315ef5-0d9a-4c48-836b-d172ad01c347;repairer;2026-07-21 08:39:01.21676+00;2026-07-21 08:39:01.21676+00
bd37b6ad-f055-4f27-b107-bdc13497d015;2026-07-21;0401E2-00123/001;ตลับลูกปืน6001zz skf;2fla;260720001;c0544c95-6c8b-4070-8eb0-4a42ffb82f5b;18315ef5-0d9a-4c48-836b-d172ad01c347;72e122e2-76e3-44aa-a586-0a3f86291d77;18315ef5-0d9a-4c48-836b-d172ad01c347;repairer;2026-07-21 08:39:01.21676+00;2026-07-21 08:39:01.21676+00
cd5dae52-b337-4c7a-9788-905e3926aa55;2026-07-21;0401E7-00245/002;เฟืองตรง(ชุดครัช)ตัวใหญ่60tรูเพลา15มิลลิ่ม4มิลหนา15มิล;1pcs;260720001;c0544c95-6c8b-4070-8eb0-4a42ffb82f5b;18315ef5-0d9a-4c48-836b-d172ad01c347;72e122e2-76e3-44aa-a586-0a3f86291d77;18315ef5-0d9a-4c48-836b-d172ad01c347;repairer;2026-07-21 08:39:01.21676+00;2026-07-21 08:39:01.21676+00
3edf37b9-f7ec-4adb-8b1a-1d7f5135bf40;2026-07-21;0401E7-00245/003;เฟืองตรง(ชุดครัช)ตัวเล็ก28tรูเพลา15มิลลิ่ม4มิลหนา15มิล;1pcs;260720001;c0544c95-6c8b-4070-8eb0-4a42ffb82f5b;18315ef5-0d9a-4c48-836b-d172ad01c347;72e122e2-76e3-44aa-a586-0a3f86291d77;18315ef5-0d9a-4c48-836b-d172ad01c347;repairer;2026-07-21 08:39:01.21676+00;2026-07-21 08:39:01.21676+00
4d76b8a1-5551-402e-940a-a2d98dbb76f4;2026-07-22;0401E7/00054/028;จำนวน 1 ครับ;1;260721003;981bac7a-6fca-42df-af09-32d6135a1480;2600fa0f-deae-4983-a9a4-a6253f0f8ad0;755d8bf8-abaf-4e67-8c66-c04dab7755d0;2600fa0f-deae-4983-a9a4-a6253f0f8ad0;repairer;2026-07-22 03:43:15.998139+00;2026-07-22 03:43:15.998139+00
c5912e9f-520a-406b-becc-ca15e591cf80;2026-07-22;0401E6-00013015;สั่งหลอดครับ;2;260717003;646b5ff9-c7f1-4846-a8fa-0a3dc732c80f;2600fa0f-deae-4983-a9a4-a6253f0f8ad0;755d8bf8-abaf-4e67-8c66-c04dab7755d0;2600fa0f-deae-4983-a9a4-a6253f0f8ad0;repairer;2026-07-22 03:46:28.01466+00;2026-07-22 03:46:28.01466+00
8a5bc07f-3bad-48fd-be99-873a94a9db5a;2026-07-22;0401E/00109/001;1 เส้น;1;260721001;c0867a08-0342-4aa1-b31e-7fd81ee1bdd3;2600fa0f-deae-4983-a9a4-a6253f0f8ad0;755d8bf8-abaf-4e67-8c66-c04dab7755d0;2600fa0f-deae-4983-a9a4-a6253f0f8ad0;repairer;2026-07-22 03:48:14.175262+00;2026-07-22 03:48:14.175262+00
f2a6f6db-0855-4716-bb3d-972d85a79559;2026-07-22;0401E6/0013015;1 หลอด;1;260716006;96c4ad29-56f6-4777-bdd9-a74f9b92b75e;2600fa0f-deae-4983-a9a4-a6253f0f8ad0;755d8bf8-abaf-4e67-8c66-c04dab7755d0;2600fa0f-deae-4983-a9a4-a6253f0f8ad0;repairer;2026-07-22 03:49:27.759356+00;2026-07-22 03:49:27.759356+00
176d33e6-aca0-4cd3-8d01-465fe302867f;2026-07-22;0401e4-00147/004;"พัดลมตู้คอยโทรลขนาด 8""";2 ตัว;260721002;0fddb3ac-a79f-417f-b4e2-10edf4bfc3c6;14a61d91-95ef-411a-b313-dae02e0f86a9;72e122e2-76e3-44aa-a586-0a3f86291d77;14a61d91-95ef-411a-b313-dae02e0f86a9;repairer;2026-07-22 07:38:23.412697+00;2026-07-22 07:38:23.412697+00
d5e8e17b-5046-4b4e-8953-cd45ab97b979;2026-07-18;0401E4-00551/004;บล๊อคยางพร้อมปลั๊กกราวด์ ขนาด 4x4;1;260716007;;;dd98b2b3-c0ed-48b6-b3f4-139b89c539c7;9b15b405-4695-46a4-b384-ee5feb992a7c;leader;2026-07-23 01:26:15.672826+00;2026-07-23 01:26:15.672826+00
efbbd174-1a09-4469-bcc5-5116c1f81a14;2026-07-18;0401E8-00639/009;สายไฟ IEC53-G VCT-G 3 x 1.5/1.5 sqmm. 3;4;260716007;;;dd98b2b3-c0ed-48b6-b3f4-139b89c539c7;9b15b405-4695-46a4-b384-ee5feb992a7c;leader;2026-07-23 01:26:48.841506+00;2026-07-23 01:26:48.841506+00
f4fb2114-f228-455e-8e25-acd1a72c9b0a;2026-07-18;0401E4-00122/002;เคเบิ้อลไทร์ 8นิ้ว;40;260716005;;;dd98b2b3-c0ed-48b6-b3f4-139b89c539c7;9b15b405-4695-46a4-b384-ee5feb992a7c;leader;2026-07-23 01:27:33.160762+00;2026-07-23 01:27:33.160762+00
c51c903d-ef99-4138-936e-a815230431a0;2026-07-22;0401E8-00217/006;ล้อยูริเทน 2 นิ้ว (เป็น);4;260721013;;;dd98b2b3-c0ed-48b6-b3f4-139b89c539c7;9b15b405-4695-46a4-b384-ee5feb992a7c;leader;2026-07-23 01:28:36.688349+00;2026-07-23 01:28:36.688349+00
dbbeefde-cdb3-4fe6-be25-43be2aeb23ab;2026-07-22;0401E8-00217/006;ล้อยูริเทน 2 นิ้ว (เป็น);2;260721012;;;dd98b2b3-c0ed-48b6-b3f4-139b89c539c7;9b15b405-4695-46a4-b384-ee5feb992a7c;leader;2026-07-23 01:29:18.854042+00;2026-07-23 01:29:18.854042+00
94ed1a54-a8ae-4fef-adc9-3c895aa319e9;2026-07-23;0401E1-00474/005;"""PTFE MESH CONVEYOR BEIGE 4X4 ' ENDLESS BY BULLNOSE JOINT SIZE 390 MM. X 2,730 MM. WITH EDGE FILM RED 25 MM. X 2 SIDES (ชริงค์เบอร์ 3)""";1;260708001;;;dd98b2b3-c0ed-48b6-b3f4-139b89c539c7;9b15b405-4695-46a4-b384-ee5feb992a7c;leader;2026-07-23 06:08:28.647341+00;2026-07-23 06:08:28.647341+00
92ad1b18-590d-4207-b8ad-1499324db848;2026-07-23;0401E4-00147/001;"พัดลมตู้คอนโทลน 4"" 220V";1;260723002;;;dd98b2b3-c0ed-48b6-b3f4-139b89c539c7;9b15b405-4695-46a4-b384-ee5feb992a7c;leader;2026-07-23 06:12:41.430361+00;2026-07-23 06:12:41.430361+00
e70f8237-6afc-4c3b-a2d2-b016527bd6c4;2026-07-23;0401E2-00034/003;ลูกปืน​6204;2ลูก;260715003;16987573-0bf7-463b-a4f9-23dfdb5a0cfc;6fff3037-214c-4188-8332-997730090207;755d8bf8-abaf-4e67-8c66-c04dab7755d0;6fff3037-214c-4188-8332-997730090207;repairer;2026-07-23 06:30:30.70241+00;2026-07-23 06:30:30.70241+00
b60c4478-580e-4e85-895c-690759799a27;2026-07-24;0401E8-00699-001;งานบูช (ตามตัวอย่าง) MAT : ทองเหลือง Size : 30 x 12 mm. บูชทองหลืองตัวล็อกชุดหน้าซีลเครื่องเแนวตั้ง;1;260706007;;;dd98b2b3-c0ed-48b6-b3f4-139b89c539c7;9b15b405-4695-46a4-b384-ee5feb992a7c;leader;2026-07-24 01:08:40.682671+00;2026-07-24 01:08:40.682671+00
44960eb6-5a57-4546-8999-24c4b6013a08;2026-07-24;260723002;พัดลมตู้คอนโทรน 220V 4นิ้ว;1;260723002;356fdec0-f930-4eff-ba88-11048773c1d2;bd10cd0f-07af-4f58-87d9-595a76cd55f5;dd98b2b3-c0ed-48b6-b3f4-139b89c539c7;bd10cd0f-07af-4f58-87d9-595a76cd55f5;repairer;2026-07-24 03:16:01.009247+00;2026-07-24 03:16:01.009247+00
c921fecb-84e0-4e4e-bf10-131ee8aac459;2026-07-25;0401E8-00674/004;"สายยางฟู๊ดเกรดpras-foodขนาด1""";2.5เมตร;260724005;5c42ba33-48f3-4c5c-94ea-605e0a133e07;18315ef5-0d9a-4c48-836b-d172ad01c347;72e122e2-76e3-44aa-a586-0a3f86291d77;18315ef5-0d9a-4c48-836b-d172ad01c347;repairer;2026-07-25 07:51:52.960868+00;2026-07-25 07:51:52.960868+00
ae7e421c-2e6d-4d70-bb3a-0383a76f429a;2026-07-25;260708001;"""PTFE MESH CONVEYOR BEIGE 4X4 ' ENDLESS BY BULLNOSE JOINT SIZE 390 MM. X 2,730 MM. WITH EDGE FILM RED 25 MM. X 2 SIDES (ชริงค์เบอร์ 3)""";1เส้น;260708001;27122fdd-89b7-4547-99b4-b122a2b67a48;bd10cd0f-07af-4f58-87d9-595a76cd55f5;dd98b2b3-c0ed-48b6-b3f4-139b89c539c7;bd10cd0f-07af-4f58-87d9-595a76cd55f5;repairer;2026-07-25 08:05:05.572175+00;2026-07-25 08:05:05.572175+00
cd65e5a3-3bca-4009-8919-c10db8fa3fc9;2026-07-27;0401E8-00699/001;"""งานบูช (ตามตัวอย่าง) MAT : ทองเหลือง Size : 30 x 12 mm.  บูชทองหลืองตัวล็อกชุดหน้าซีลเครื่องเแนวตั้ง SP01/SP03/SP04""";1;260706007;bfc5710a-c3e2-4be9-b79c-077b466d7309;22275234-5a63-4e64-bdd4-07ec11241b46;dd98b2b3-c0ed-48b6-b3f4-139b89c539c7;22275234-5a63-4e64-bdd4-07ec11241b46;repairer;2026-07-27 02:12:30.213451+00;2026-07-27 02:12:30.213451+00
96443221-698f-41db-98af-a356cb004909;2026-07-27;0401E4-00026    001;ปลั๊กตัวผู้แบบยาง 3 ขา;1;260724001;a3ae9e06-b5fa-4459-959a-78ca8fe1d469;14a61d91-95ef-411a-b313-dae02e0f86a9;72e122e2-76e3-44aa-a586-0a3f86291d77;14a61d91-95ef-411a-b313-dae02e0f86a9;repairer;2026-07-27 03:06:29.152871+00;2026-07-27 03:06:29.152871+00
b7dc4979-db10-46b9-8858-1b04f1640175;2026-07-27;0401E4-00551/004;บล๊อคยางพร้อมปลั๊กกราวด์ ขนาด 4x4;1;260716007;1459b1cb-c558-4e6b-b6ba-f93d35dbe453;aee8cef8-8534-459f-94b8-9de40933bee7;dd98b2b3-c0ed-48b6-b3f4-139b89c539c7;aee8cef8-8534-459f-94b8-9de40933bee7;repairer;2026-07-27 08:17:38.938719+00;2026-07-27 08:17:38.938719+00
26c7a694-3133-42bc-a6d6-f49c75363eb1;2026-07-27;0401E4-00122/003;"เคเบิลไท 12""";30;260716007;1459b1cb-c558-4e6b-b6ba-f93d35dbe453;aee8cef8-8534-459f-94b8-9de40933bee7;dd98b2b3-c0ed-48b6-b3f4-139b89c539c7;aee8cef8-8534-459f-94b8-9de40933bee7;repairer;2026-07-27 08:17:38.938719+00;2026-07-27 08:17:38.938719+00
51212762-31ca-41f8-aa08-f14ec4bbafb2;2026-07-28;0401E4-00154002;สายโทรสับ;1;260721004;72e4270a-69d9-4577-8dfc-c21403c3ca59;2600fa0f-deae-4983-a9a4-a6253f0f8ad0;755d8bf8-abaf-4e67-8c66-c04dab7755d0;2600fa0f-deae-4983-a9a4-a6253f0f8ad0;repairer;2026-07-28 02:42:08.383102+00;2026-07-28 02:42:08.383102+00
db5a1d92-c22c-49e2-9e7b-a6a294728055;2026-07-31;0401E4-00551/004;บล๊อคยางพร้อมปลั๊กกราวด์ ขนาด 4x4;2;260716008;09630ad8-bb7c-41c0-9493-673d14b9307f;22275234-5a63-4e64-bdd4-07ec11241b46;dd98b2b3-c0ed-48b6-b3f4-139b89c539c7;22275234-5a63-4e64-bdd4-07ec11241b46;repairer;2026-07-31 08:32:06.490264+00;2026-07-31 08:32:06.490264+00
9cf26afe-13aa-4f04-85c9-85bd3e596ebe;2026-07-31;0401E4-00026 001;ปลั๊กตัวผู้แบบยาง 3 ขา;1;260716008;09630ad8-bb7c-41c0-9493-673d14b9307f;22275234-5a63-4e64-bdd4-07ec11241b46;dd98b2b3-c0ed-48b6-b3f4-139b89c539c7;22275234-5a63-4e64-bdd4-07ec11241b46;repairer;2026-07-31 08:32:06.490264+00;2026-07-31 08:32:06.490264+00
53c05c77-41ef-4211-bef6-ef81de9a93b1;2026-08-01;0401E4-00175/007;"บานพับแบบถอดได้สแตนเลส 304 ขนาด 3""";2;260728003;45b404f3-8be5-4984-b095-5eb05e151f87;bd10cd0f-07af-4f58-87d9-595a76cd55f5;dd98b2b3-c0ed-48b6-b3f4-139b89c539c7;bd10cd0f-07af-4f58-87d9-595a76cd55f5;repairer;2026-08-01 02:30:46.345615+00;2026-08-01 02:30:46.345615+00
5ed399b3-7dc1-4dc4-bc92-bd0b82fc560e;2026-08-01;0401E8-00083/002;Emergency stop 22mm. 1NC;1ตัว;260717004;16dce9cc-93d8-4ece-9567-d02f887916cb;aee8cef8-8534-459f-94b8-9de40933bee7;dd98b2b3-c0ed-48b6-b3f4-139b89c539c7;aee8cef8-8534-459f-94b8-9de40933bee7;repairer;2026-08-01 06:48:08.181124+00;2026-08-01 06:48:08.181124+00
9b4dd2ba-2e20-42ce-af70-db000b2403fc;2026-08-01;0401E4-00551/004;ปลั๊กไฟพร้อมกราว4*4;4ตัว;260716004;5708f50f-73a0-4506-951c-208ea403f5c6;bd10cd0f-07af-4f58-87d9-595a76cd55f5;dd98b2b3-c0ed-48b6-b3f4-139b89c539c7;bd10cd0f-07af-4f58-87d9-595a76cd55f5;repairer;2026-08-01 08:53:03.423369+00;2026-08-01 08:53:03.423369+00
4a8416c6-d1b0-4b46-8a2c-7e3f4e639f1b;2026-08-03;0401E4-00026/001;ปลั๊กตัวผู้แบบยาง 3ขา;1;260803002;d9ef5471-fdf0-4e6c-a1f8-aedcdbcbad4a;d115f163-f902-496c-9630-73dee8d85e47;72e122e2-76e3-44aa-a586-0a3f86291d77;d115f163-f902-496c-9630-73dee8d85e47;repairer;2026-08-03 06:07:06.219293+00;2026-08-03 06:07:06.219293+00
03658661-11c8-4d28-a543-e215a6097e70;2026-08-03;0401E4-00551/004;บล็อคยางพร้อมปลั๊กการาวด์ขนาด 4x4ไม่มีสายด 4,,+;1ชุด;260801001;089ee284-5e09-471f-be95-e6f130065ffe;d115f163-f902-496c-9630-73dee8d85e47;72e122e2-76e3-44aa-a586-0a3f86291d77;d115f163-f902-496c-9630-73dee8d85e47;repairer;2026-08-03 06:10:49.030882+00;2026-08-03 06:10:49.030882+00
5ad5f3f9-779a-4e7a-9d17-68406ec28d9f;2026-08-03;99EXP-00310/001;ค่าใช้จ่ายเสาธง​135มม.;1​jop.;260703003;21cc3a88-03ae-4cfe-b8c6-570e3d7674ed;6fff3037-214c-4188-8332-997730090207;755d8bf8-abaf-4e67-8c66-c04dab7755d0;6fff3037-214c-4188-8332-997730090207;repairer;2026-08-03 06:21:50.046939+00;2026-08-03 06:21:50.046939+00
656897e5-025b-491b-b580-3f5fdb89afcb;2026-08-04;0401E7-00372/001;"Water pump ""pedrollo";1ตัว;260803011;d2af4f3a-6308-4194-8c3f-bc4171c138a4;18315ef5-0d9a-4c48-836b-d172ad01c347;72e122e2-76e3-44aa-a586-0a3f86291d77;18315ef5-0d9a-4c48-836b-d172ad01c347;repairer;2026-08-04 06:23:07.417973+00;2026-08-04 06:23:07.417973+00
59b82d17-8a43-4468-89b1-4a887d2ddbba;2026-08-04;0401E8-00586    007;ข้อต่อลม 3 ทาง ตัวที 12 mm SPE-12;1;260803008;c8f6ce8b-bb17-4b9b-b99f-1a775cd42e0a;14a61d91-95ef-411a-b313-dae02e0f86a9;72e122e2-76e3-44aa-a586-0a3f86291d77;14a61d91-95ef-411a-b313-dae02e0f86a9;repairer;2026-08-04 06:55:12.539938+00;2026-08-04 06:55:12.539938+00
0a44e1ee-9136-48e9-af37-894e1d69b82e;2026-08-04;0401E7-00067    004;สายไฮโดรลิก 1/2 x 1 ม. หัวตรง-ตรง;1;260803008;c8f6ce8b-bb17-4b9b-b99f-1a775cd42e0a;14a61d91-95ef-411a-b313-dae02e0f86a9;72e122e2-76e3-44aa-a586-0a3f86291d77;14a61d91-95ef-411a-b313-dae02e0f86a9;repairer;2026-08-04 06:55:12.539938+00;2026-08-04 06:55:12.539938+00
f06ec5f8-0b8f-43f5-a590-11d6688c6014;2026-08-05;0401E4-00135/020;สายลมสีดำ5×8มิล;4เมตร;260803009;a0081bd9-276c-4190-880a-a70ff190caef;18315ef5-0d9a-4c48-836b-d172ad01c347;72e122e2-76e3-44aa-a586-0a3f86291d77;18315ef5-0d9a-4c48-836b-d172ad01c347;repairer;2026-08-05 03:57:29.01723+00;2026-08-05 03:57:29.01723+00
a7656fc8-1efb-47e5-b0a9-612b3bb31cd6;2026-08-05;0401E8-00586/015;ข้อต่อลมเกลียวใน spc f8-02;2ตัว;260803009;a0081bd9-276c-4190-880a-a70ff190caef;18315ef5-0d9a-4c48-836b-d172ad01c347;72e122e2-76e3-44aa-a586-0a3f86291d77;18315ef5-0d9a-4c48-836b-d172ad01c347;repairer;2026-08-05 03:57:29.01723+00;2026-08-05 03:57:29.01723+00
fa2b3fed-5661-424b-a7a8-27d9438f9637;2026-08-05;0401E4-00135/020;สายลมpuสีดำ5×8มิล;4เมตร;260803010;0de4e5ef-30a8-4239-8ecc-290216c55faf;18315ef5-0d9a-4c48-836b-d172ad01c347;72e122e2-76e3-44aa-a586-0a3f86291d77;18315ef5-0d9a-4c48-836b-d172ad01c347;repairer;2026-08-05 04:02:26.262518+00;2026-08-05 04:02:26.262518+00
fdc8da61-6406-4747-9935-08a3147edb09;2026-08-05;0401E8-00341/010;ฟิตติ้ง-ต่อตรงเกลียวในspc f8-02;1ตัว;260803010;0de4e5ef-30a8-4239-8ecc-290216c55faf;18315ef5-0d9a-4c48-836b-d172ad01c347;72e122e2-76e3-44aa-a586-0a3f86291d77;18315ef5-0d9a-4c48-836b-d172ad01c347;repairer;2026-08-05 04:02:26.262518+00;2026-08-05 04:02:26.262518+00
c61f22bf-6a75-40b7-8969-ad2e608fce5f;2026-08-05;0401E4-00068/002;ล้อโพลี่ยูริเทน 3 นิ้ว;2 ตัว;260728004;b70bf15d-345b-4ecd-a759-b1b1b1d26cf4;bd10cd0f-07af-4f58-87d9-595a76cd55f5;dd98b2b3-c0ed-48b6-b3f4-139b89c539c7;bd10cd0f-07af-4f58-87d9-595a76cd55f5;repairer;2026-08-05 06:26:29.188805+00;2026-08-05 06:26:29.188805+00
7af51465-5bbc-47e4-ad55-4d8e5ce778f4;2026-08-07;0401E8-00674/004;"สายยางฟู๊ดเกรดpras-foodขนาด1""";2.5เมตร;260806002;1de2d28b-affb-4ab4-88de-0d015c571e08;18315ef5-0d9a-4c48-836b-d172ad01c347;72e122e2-76e3-44aa-a586-0a3f86291d77;18315ef5-0d9a-4c48-836b-d172ad01c347;repairer;2026-08-07 02:58:58.183387+00;2026-08-07 02:58:58.183387+00
55a93d92-82f5-4b3f-9961-33e08a9d6dce;2026-08-08;0401E8-00674/013;สายยางฟู๊ดเกรดToyo food Tfb-12(12*18mm.);5.5เมตร;260806001;4f6d1743-7638-4e28-920d-e5cd13a8a585;18315ef5-0d9a-4c48-836b-d172ad01c347;72e122e2-76e3-44aa-a586-0a3f86291d77;18315ef5-0d9a-4c48-836b-d172ad01c347;repairer;2026-08-08 02:12:09.493376+00;2026-08-08 02:12:09.493376+00
5bce9bb4-5ea6-4239-a384-59f9be8b14ab;2026-08-08;0401E4-00026 001;ปลั๊กตัวผู้แบบยาง 3 ขา;1ตัว;260803004;5659c83b-3572-48d6-8fba-acc5caf0b17b;aee8cef8-8534-459f-94b8-9de40933bee7;dd98b2b3-c0ed-48b6-b3f4-139b89c539c7;aee8cef8-8534-459f-94b8-9de40933bee7;repairer;2026-08-08 06:20:18.115609+00;2026-08-08 06:20:18.115609+00
59c0bb7e-7173-4407-9866-4f0706c7587e;2026-08-08;0401E4-00551/004;บล๊อคยางพร้อมปลั๊กกราวด์ ขนาด 4x4;2;260716009;d7857c98-00a8-4697-8d1d-65ed6efefc08;22275234-5a63-4e64-bdd4-07ec11241b46;dd98b2b3-c0ed-48b6-b3f4-139b89c539c7;22275234-5a63-4e64-bdd4-07ec11241b46;repairer;2026-08-08 08:56:24.522546+00;2026-08-08 08:56:24.522546+00
3f3b448f-e2b6-433e-ac4c-01040cd9ab85;2026-08-10;0401E7-00115/001;สวิทลูกศร25mm.;1ตัว;260807007;2485f461-acc9-404e-bee3-aeaca28cc247;18315ef5-0d9a-4c48-836b-d172ad01c347;72e122e2-76e3-44aa-a586-0a3f86291d77;18315ef5-0d9a-4c48-836b-d172ad01c347;repairer;2026-08-10 02:27:48.088393+00;2026-08-10 02:27:48.088393+00
2b0c1756-ebd4-49d4-811a-fd3d7145ad85;2026-08-10;0401E7-00386/001;ปั้มเฟืองยี่ห้อkoshinรุ่นGB-13;1ตัว;260808001;aa6c099e-353e-435c-aa30-678ed2ea51f4;18315ef5-0d9a-4c48-836b-d172ad01c347;72e122e2-76e3-44aa-a586-0a3f86291d77;18315ef5-0d9a-4c48-836b-d172ad01c347;repairer;2026-08-10 02:32:19.503322+00;2026-08-10 02:32:19.503322+00
2b13ec10-8756-4152-bc1b-ebc6ef1a401d;2026-08-10;0401E7-00140/020;Worm Gear cpg รุ่น pa15(60)Rat;1 ตัว;260807005;3efe59c2-b936-41f8-a858-2a22a1cb561b;d115f163-f902-496c-9630-73dee8d85e47;72e122e2-76e3-44aa-a586-0a3f86291d77;d115f163-f902-496c-9630-73dee8d85e47;repairer;2026-08-10 04:10:03.542372+00;2026-08-10 04:10:03.542372+00
159fee90-ca08-48ae-8534-e5fa65960d7d;2026-08-10;0401E7-00049/004;อินฟาเรดแนวนอน Hra-17×1000-220-1500 W;5ตัว;260807001;188a4b2a-2cad-4b3e-9a2c-e1520734c3b0;d115f163-f902-496c-9630-73dee8d85e47;72e122e2-76e3-44aa-a586-0a3f86291d77;d115f163-f902-496c-9630-73dee8d85e47;repairer;2026-08-10 04:12:55.993843+00;2026-08-10 04:12:55.993843+00
b658102f-2388-4f1f-80fc-d29688770cf2;2026-08-10;0401E-00281/001;ใส่น้ำดี;1;260807008;1992e277-4f98-4124-9441-f5a3959f0ea0;2600fa0f-deae-4983-a9a4-a6253f0f8ad0;755d8bf8-abaf-4e67-8c66-c04dab7755d0;2600fa0f-deae-4983-a9a4-a6253f0f8ad0;repairer;2026-08-10 06:33:13.995459+00;2026-08-10 06:33:13.995459+00
63464194-25eb-46a7-8adc-d81aecaa729e;2026-08-13;0401E7-00115/002;สวิทลูกศร 22mm.-ON-OFF E-TEN;1ตัว;260811002;99a206ec-93a0-4277-9024-12a652ed2229;d115f163-f902-496c-9630-73dee8d85e47;72e122e2-76e3-44aa-a586-0a3f86291d77;d115f163-f902-496c-9630-73dee8d85e47;repairer;2026-08-13 06:09:22.040296+00;2026-08-13 06:09:22.040296+00
21b03722-926a-42a6-8cd8-391176593bd5;2026-08-13;0401E7-00300/003;"ชุดเบรคเครื่องเวเฟอร์""pei-ei""Brand Eletrommaget";1ชุด;260811001;4a0d080f-323b-4bd4-b46e-beb15fccac8d;18315ef5-0d9a-4c48-836b-d172ad01c347;72e122e2-76e3-44aa-a586-0a3f86291d77;18315ef5-0d9a-4c48-836b-d172ad01c347;repairer;2026-08-13 06:37:58.594158+00;2026-08-13 06:37:58.594158+00
227bd2ab-a121-4e3a-95d6-55b9fd6256b5;2026-08-13;0401E7-00300/004;"ชุดครัชเครื่องเวเฟอร์""pei-ei""Brand Electrommaget";1ชุด;260811001;4a0d080f-323b-4bd4-b46e-beb15fccac8d;18315ef5-0d9a-4c48-836b-d172ad01c347;72e122e2-76e3-44aa-a586-0a3f86291d77;18315ef5-0d9a-4c48-836b-d172ad01c347;repairer;2026-08-13 06:37:58.594158+00;2026-08-13 06:37:58.594158+00
9ae5c484-afea-40da-83d2-a5786e489cc1;2026-08-13;0401E7-00442/003;กลึงเพลาชุดเบรค-ครัช;1ตัว;260811001;4a0d080f-323b-4bd4-b46e-beb15fccac8d;18315ef5-0d9a-4c48-836b-d172ad01c347;72e122e2-76e3-44aa-a586-0a3f86291d77;18315ef5-0d9a-4c48-836b-d172ad01c347;repairer;2026-08-13 06:37:58.594158+00;2026-08-13 06:37:58.594158+00
a0a9bad9-50ad-480e-9988-015201622a13;2026-08-13;0401E2-00059/001;ลูกปืน6202zz;1ตลับ;260811001;4a0d080f-323b-4bd4-b46e-beb15fccac8d;18315ef5-0d9a-4c48-836b-d172ad01c347;72e122e2-76e3-44aa-a586-0a3f86291d77;18315ef5-0d9a-4c48-836b-d172ad01c347;repairer;2026-08-13 06:37:58.594158+00;2026-08-13 06:37:58.594158+00
35f9f304-7769-4ec1-afb6-2be6ab508d94;2026-08-14;0401E1-00056/017;สายพาน PU สีขาว ต่อกลม หนา 2 มิล- กว้าง49cm.-ยาว440cm.;1เส้น;260725001;e06f17a1-cde3-4e3e-b128-adc77071152d;aee8cef8-8534-459f-94b8-9de40933bee7;dd98b2b3-c0ed-48b6-b3f4-139b89c539c7;aee8cef8-8534-459f-94b8-9de40933bee7;repairer;2026-08-14 02:47:45.374069+00;2026-08-14 02:47:45.374069+00
148da9f0-e80a-4789-a399-a7c2487ecc58;2026-08-14;99EXP-00378/001;สายพานเตาอบ4 ชั้นบน;1 เส้น;260814002;;;72e122e2-76e3-44aa-a586-0a3f86291d77;618867a9-9f7c-4e77-96cd-3c6be6f2a0ac;leader;2026-08-14 03:23:31.758777+00;2026-08-14 03:23:31.758777+00
7435f82c-0408-4385-b6b7-60af7d99811d;2026-07-15;401E4-00130 004;เบรกเกอร์;1ตัว;260706002;;;72e122e2-76e3-44aa-a586-0a3f86291d77;618867a9-9f7c-4e77-96cd-3c6be6f2a0ac;leader;2026-08-14 03:48:53.736233+00;2026-08-14 03:48:53.736233+00
db76c646-cdee-4869-a4bd-06f3c514bcdd;2026-07-15;0401E4-00130 019;เบรกเกอร์ ABB SH201 1P 6A 6KA;1ตัว;260706002;;;72e122e2-76e3-44aa-a586-0a3f86291d77;618867a9-9f7c-4e77-96cd-3c6be6f2a0ac;leader;2026-08-14 03:48:53.736233+00;2026-08-14 03:48:53.736233+00
8216cd5b-84c8-4ca6-9c9b-0aa58d177153;2026-08-15;0401E7-00186 001;สวิทหัวเห็ดล๊อก TUN 25mm-R RB-251 1 ตัว;1;260706002;;;72e122e2-76e3-44aa-a586-0a3f86291d77;618867a9-9f7c-4e77-96cd-3c6be6f2a0ac;leader;2026-08-14 03:48:53.736233+00;2026-08-14 03:48:53.736233+00
320e81e9-d8d6-45e2-a8b0-68a3c8960736;2026-08-14;0401E7-00115 002;สวิทลูกศร 22mm-ON-OFF E-TEN จำนวน 1;1;;;;72e122e2-76e3-44aa-a586-0a3f86291d77;618867a9-9f7c-4e77-96cd-3c6be6f2a0ac;leader;2026-08-14 03:48:53.736233+00;2026-08-14 03:48:53.736233+00
aabddc76-0eee-4dac-9d55-ae17ef974b54;2026-08-14;.0401E7-00207 006;สวิทช์ PUSH BUTTON SWITCH NO (เขียว) จำนวน 2 ตัว;2;;;;72e122e2-76e3-44aa-a586-0a3f86291d77;618867a9-9f7c-4e77-96cd-3c6be6f2a0ac;leader;2026-08-14 03:48:53.736233+00;2026-08-14 03:48:53.736233+00
0358d2f2-06be-43ae-8860-b785a42acd16;2026-08-14;0401E7-00207 007;สวิทช์ PUSH BUTTON SWITCH NO (แดง) 1 ตัว;1;;;;72e122e2-76e3-44aa-a586-0a3f86291d77;618867a9-9f7c-4e77-96cd-3c6be6f2a0ac;leader;2026-08-14 03:48:53.736233+00;2026-08-14 03:48:53.736233+00
1f446084-0bd6-40ab-9a98-69ae9c89248b;2026-08-14;0401E7-00351 002;PILOT LAMP 22 MM. เขียว 3 ตัว;2;;;;72e122e2-76e3-44aa-a586-0a3f86291d77;618867a9-9f7c-4e77-96cd-3c6be6f2a0ac;leader;2026-08-14 03:48:53.736233+00;2026-08-14 03:48:53.736233+00
7850bf03-464a-41a8-b8dd-1275fd23183b;2026-08-14;0401E4-00247 001;TEMPERATURE CONTROL FR TYPE TTM-004R-A200VAC 1 ตัว;1;;;;72e122e2-76e3-44aa-a586-0a3f86291d77;618867a9-9f7c-4e77-96cd-3c6be6f2a0ac;leader;2026-08-14 03:48:53.736233+00;2026-08-14 03:48:53.736233+00
c61f59b0-86c0-457a-a2b1-8bc955dd9a94;2026-08-14;0401E4-00040 010;010 MAGNETIC S-T10 Coil 220V MITSU 2 ตัว;2;;;;72e122e2-76e3-44aa-a586-0a3f86291d77;618867a9-9f7c-4e77-96cd-3c6be6f2a0ac;leader;2026-08-14 03:48:53.736233+00;2026-08-14 03:48:53.736233+00
ae65c178-4fa6-492a-8357-30dffc79a8d3;2026-08-14;0401E4-00040 012;MAGNETIC S-T20 Coil 220V MITSU 1 ตัว;1;;;;72e122e2-76e3-44aa-a586-0a3f86291d77;618867a9-9f7c-4e77-96cd-3c6be6f2a0ac;leader;2026-08-14 03:48:53.736233+00;2026-08-14 03:48:53.736233+00
a7fb1458-a18d-448c-b74a-04543dafeba8;2026-08-14;0401E7-00104 018;OVER LOAD TH-T18 1.7-2.5A จำนวน 2 ตัว;2;;;;72e122e2-76e3-44aa-a586-0a3f86291d77;618867a9-9f7c-4e77-96cd-3c6be6f2a0ac;leader;2026-08-14 03:48:53.736233+00;2026-08-14 03:48:53.736233+00
8a7a7df6-fbdd-4f2f-abd8-d627d8b54e27;2026-08-14;0401E4-00132 002;ปลั๊กเพาเวอร์ 3P+E+N-16A- ผู้ 1 ตัว;1;;;;72e122e2-76e3-44aa-a586-0a3f86291d77;618867a9-9f7c-4e77-96cd-3c6be6f2a0ac;leader;2026-08-14 03:48:53.736233+00;2026-08-14 03:48:53.736233+00
b07f4321-f8bf-4803-9fd8-20561310fd12;2026-08-14;0401E8-00070 011;เทอร์มินอล BIGONE TR30 20 ตัว;20;;;;72e122e2-76e3-44aa-a586-0a3f86291d77;618867a9-9f7c-4e77-96cd-3c6be6f2a0ac;leader;2026-08-14 03:48:53.736233+00;2026-08-14 03:48:53.736233+00
ead59271-19cf-4993-a6d5-6a5488d1fd74;2026-08-14;0401E8-00085 001;สต๊อปเปอร์ TR 2 ตัว;2;;;;72e122e2-76e3-44aa-a586-0a3f86291d77;618867a9-9f7c-4e77-96cd-3c6be6f2a0ac;leader;2026-08-14 03:48:53.736233+00;2026-08-14 03:48:53.736233+00
5617946d-2dd8-4a44-b19f-740494290041;2026-08-14;0401E8-0085 003;สต๊อปเปร์เทอร์มินอล 2 ตัว;2;;;;72e122e2-76e3-44aa-a586-0a3f86291d77;618867a9-9f7c-4e77-96cd-3c6be6f2a0ac;leader;2026-08-14 03:48:53.736233+00;2026-08-14 03:48:53.736233+00
bd8c5f8f-4f88-4bc7-9bd8-dbee4ca010f1;2026-08-14;0401E8-00071 003;ฝาปิดเทอร์มินอล BIGONE TRA30 2 ตัว;2;;;;72e122e2-76e3-44aa-a586-0a3f86291d77;618867a9-9f7c-4e77-96cd-3c6be6f2a0ac;leader;2026-08-14 03:48:53.736233+00;2026-08-14 03:48:53.736233+00
39d6a9c6-6414-4d66-bd5d-a05b5bab7e9d;2026-08-14;0401E4-00131 002;หางปลาแฉกหุ้ม YF1.5-4S 1 ถุง;1;;;;72e122e2-76e3-44aa-a586-0a3f86291d77;618867a9-9f7c-4e77-96cd-3c6be6f2a0ac;leader;2026-08-14 03:48:53.736233+00;2026-08-14 03:48:53.736233+00
3e6b88a3-1a1d-4965-8c88-7051fee4477a;2026-08-14;0401E4-00131 003;หางปลาแฉกหุ้ม YF2.5-4S 1 ถุง;1;;;;72e122e2-76e3-44aa-a586-0a3f86291d77;618867a9-9f7c-4e77-96cd-3c6be6f2a0ac;leader;2026-08-14 03:48:53.736233+00;2026-08-14 03:48:53.736233+00
38ff668a-1b9e-41eb-b3bd-f2bcca7ae241;2026-08-14;0401E7-00437 001;เคเบิ้ลแกลน M20 สีดำ (พลาสติก) 6 ตัว;6;;;;72e122e2-76e3-44aa-a586-0a3f86291d77;618867a9-9f7c-4e77-96cd-3c6be6f2a0ac;leader;2026-08-14 03:48:53.736233+00;2026-08-14 03:48:53.736233+00
01343783-30bb-4dc9-80e5-1bc462e1831b;2026-08-14;401E4-00122/001;"เคเบิลไท 4"" 1 ถุง";1;;;;72e122e2-76e3-44aa-a586-0a3f86291d77;618867a9-9f7c-4e77-96cd-3c6be6f2a0ac;leader;2026-08-14 03:48:53.736233+00;2026-08-14 03:48:53.736233+00
c800fb1c-a526-4a23-b109-96660462dccd;2026-08-14;0401E4-00122/003;"""เคเบิลไท 12“ 1 ถุง";1;;;;72e122e2-76e3-44aa-a586-0a3f86291d77;618867a9-9f7c-4e77-96cd-3c6be6f2a0ac;leader;2026-08-14 03:48:53.736233+00;2026-08-14 03:48:53.736233+00
015bf3aa-08f4-40c3-9756-e45127acb4b9;2026-08-14;0401E8-00639 006;สายไฟ VCT (ซื้อเป็นเมตร)4*2.5+G จำนวน 10 เมตร;10เมตร;;;;72e122e2-76e3-44aa-a586-0a3f86291d77;618867a9-9f7c-4e77-96cd-3c6be6f2a0ac;leader;2026-08-14 03:48:53.736233+00;2026-08-14 03:48:53.736233+00
7aa4234b-2782-4879-9546-9ca22f679047;2026-08-14;0401E8-00639 009;สายไฟ IEC53-GVCT-G3*1.5/1.5spqnn300/500V YAZAKI จำนวน 6 เมตร;6เมตร;;;;72e122e2-76e3-44aa-a586-0a3f86291d77;618867a9-9f7c-4e77-96cd-3c6be6f2a0ac;leader;2026-08-14 03:48:53.736233+00;2026-08-14 03:48:53.736233+00
1bd897e6-69ed-4842-a603-91736437cddd;2026-08-14;0401E8-00066 013;ตู็คอนโทรล ตู้ KBSW9001 ตู้คอลโทรกันน้ำขนาด 300*450*170 mm จำนวน 1 ใบ;1;;;;72e122e2-76e3-44aa-a586-0a3f86291d77;618867a9-9f7c-4e77-96cd-3c6be6f2a0ac;leader;2026-08-14 03:48:53.736233+00;2026-08-14 03:48:53.736233+00
d3dfaca6-c4ba-42d6-b4e3-f0bc133493d2;2026-09-04;0401E8-00217/006;ล้อยูริเทน 2 นิ้ว (เป็น);2;260814011;00481566-aa28-46df-98ff-516017939703;22275234-5a63-4e64-bdd4-07ec11241b46;dd98b2b3-c0ed-48b6-b3f4-139b89c539c7;22275234-5a63-4e64-bdd4-07ec11241b46;repairer;2026-09-04 04:06:53.92235+00;2026-09-04 04:06:53.92235+00
a452f301-f235-4243-870b-242c6c2dbb55;2026-08-14;0401E7-00497 003;หางปลา คอร์ดเอ็นด์ #4สีเทา(*100) จำนวน 20 ตัว;20ตัว;;;;72e122e2-76e3-44aa-a586-0a3f86291d77;618867a9-9f7c-4e77-96cd-3c6be6f2a0ac;leader;2026-08-14 03:48:53.736233+00;2026-08-14 03:48:53.736233+00
09733997-f78b-4c49-ae18-23e5f0729c0e;2026-08-14;0401E7-00104 025;OVERLOAD TH-18(7-11A) จำนวน 1 ตัว;1ตัว;;;;72e122e2-76e3-44aa-a586-0a3f86291d77;618867a9-9f7c-4e77-96cd-3c6be6f2a0ac;leader;2026-08-14 03:48:53.736233+00;2026-08-14 03:48:53.736233+00
dcc2856d-5fba-4d97-a13f-aa34b3ad4e2f;2026-08-14;0401E7-00211 005;THERMOCOUPLE TYPE K Primus TSK-06(52)6.35*300 รุ่นมาตรฐาน จำนวน 1 ตัว;1ตัว;;;;72e122e2-76e3-44aa-a586-0a3f86291d77;618867a9-9f7c-4e77-96cd-3c6be6f2a0ac;leader;2026-08-14 03:48:53.736233+00;2026-08-14 03:48:53.736233+00
87d2c41e-0293-4bde-bcc5-f883fd8ef7a5;2026-08-14;0401E3-00063 016;สกรูหัวเหลี่ยม STL M6x25 แหวนสปริง+อีแปะ+ตัวเมีย 15 ชุด;15ตัว;;;;72e122e2-76e3-44aa-a586-0a3f86291d77;618867a9-9f7c-4e77-96cd-3c6be6f2a0ac;leader;2026-08-14 03:48:53.736233+00;2026-08-14 03:48:53.736233+00
1cd1d13d-7339-437f-abc6-f36830299a18;2026-08-14;0401E3-00063 016;สกรูหัวเหลี่ยม STL M6x25 แหวนสปริง+อีแปะ+ตัวเมีย 15 ชุด;15ตัว;260706002;;;72e122e2-76e3-44aa-a586-0a3f86291d77;618867a9-9f7c-4e77-96cd-3c6be6f2a0ac;leader;2026-08-14 04:57:56.975359+00;2026-08-14 04:57:56.975359+00
d6b5d0f2-7ea3-4c0e-81e0-06fb1e40bfb7;2026-08-14;0401E7-00211 005;THERMOCOUPLE TYPE K Primus TSK-06(52)6.35*300 รุ่นมาตรฐาน จำนวน 1 ตัว	1ตั;1ตัว;260706002;;;72e122e2-76e3-44aa-a586-0a3f86291d77;618867a9-9f7c-4e77-96cd-3c6be6f2a0ac;leader;2026-08-14 04:58:49.249316+00;2026-08-14 04:58:49.249316+00
e7709e6c-180c-4839-a830-6a2147299fb9;2026-08-14;0401E6-00013​/015;หลอดไฟ​ Shining นีออน​LED​Tube​T8;16หลอด;260717006;e12a7abe-a264-498c-8876-78160d44d09a;2600fa0f-deae-4983-a9a4-a6253f0f8ad0;755d8bf8-abaf-4e67-8c66-c04dab7755d0;2600fa0f-deae-4983-a9a4-a6253f0f8ad0;repairer;2026-08-14 08:07:28.085443+00;2026-08-14 08:07:28.085443+00
adbf3728-3298-4fb9-a902-298ef3b22a6b;2026-08-15;0401E8-00586/012;ต่อตรง ต่อตรง SPU-8;1ตัว;260808002;4d20c5a4-ddf9-4d41-bee4-55e37d6e88c7;aee8cef8-8534-459f-94b8-9de40933bee7;dd98b2b3-c0ed-48b6-b3f4-139b89c539c7;aee8cef8-8534-459f-94b8-9de40933bee7;repairer;2026-08-15 01:21:14.011314+00;2026-08-15 01:21:14.011314+00
2896a208-c956-40c1-949a-dc0206a84547;2026-08-15;0401E4-00135/020;สายลม PU ขนาด 5x8 มม. สีดำ;10เมตร;260808002;4d20c5a4-ddf9-4d41-bee4-55e37d6e88c7;aee8cef8-8534-459f-94b8-9de40933bee7;dd98b2b3-c0ed-48b6-b3f4-139b89c539c7;aee8cef8-8534-459f-94b8-9de40933bee7;repairer;2026-08-15 01:21:14.011314+00;2026-08-15 01:21:14.011314+00
e6f7a9eb-8a67-4478-b380-058178c6137e;2026-08-17;0401E4-00050/008;สีทาผนังครับ;1;260808004;e43eccd5-4c69-42e1-ac0e-8f9bf366701a;2600fa0f-deae-4983-a9a4-a6253f0f8ad0;755d8bf8-abaf-4e67-8c66-c04dab7755d0;2600fa0f-deae-4983-a9a4-a6253f0f8ad0;repairer;2026-08-17 01:51:59.399915+00;2026-08-17 01:51:59.399915+00
d8eb46c7-b846-4b0e-88a7-6b18c4dd25c6;2026-08-17;0401E4-00050/008;สีทาผนัง 1 ล็อค;1;260806008;3361b1dc-24ae-4f7e-b7d3-e977b594fbca;2600fa0f-deae-4983-a9a4-a6253f0f8ad0;755d8bf8-abaf-4e67-8c66-c04dab7755d0;2600fa0f-deae-4983-a9a4-a6253f0f8ad0;repairer;2026-08-17 01:59:38.847987+00;2026-08-17 01:59:38.847987+00
21570a3e-0718-4c22-a6c7-f1ce26f904b0;2026-08-17;04014-00281/001;1 เส้น;1;260811003;22dc2308-d1b7-490f-a27b-e8b969be4c87;2600fa0f-deae-4983-a9a4-a6253f0f8ad0;755d8bf8-abaf-4e67-8c66-c04dab7755d0;2600fa0f-deae-4983-a9a4-a6253f0f8ad0;repairer;2026-08-17 02:03:48.025768+00;2026-08-17 02:03:48.025768+00
cef69456-272d-464b-82e8-eea3fd139335;2026-08-17;0401E6-00013/013;หลอดไฟ LED 220V;1หลอด;260722006;22c2d592-102e-4b07-809e-c753446c77ac;bd10cd0f-07af-4f58-87d9-595a76cd55f5;dd98b2b3-c0ed-48b6-b3f4-139b89c539c7;bd10cd0f-07af-4f58-87d9-595a76cd55f5;repairer;2026-08-17 02:50:45.55603+00;2026-08-17 02:50:45.55603+00
9b15b5ba-bb1d-401a-ac14-679654b7f65c;2026-08-17;0401E7-00054/035;"บอลวาล์ว1/4""ผ.ม.Mi-Bv-4A";5ตัว;260815008;b66030ea-edf8-4c67-b0a7-7f5553942612;18315ef5-0d9a-4c48-836b-d172ad01c347;72e122e2-76e3-44aa-a586-0a3f86291d77;18315ef5-0d9a-4c48-836b-d172ad01c347;repairer;2026-08-17 06:11:25.22719+00;2026-08-17 06:11:25.22719+00
33d3d3a3-32e9-4415-a22f-de360e85488f;2026-08-17;0401E7-00054/036;"บอลวาว์ล1/4""ม.ม.Mi-Bv-5A";5ตัว;260815008;b66030ea-edf8-4c67-b0a7-7f5553942612;18315ef5-0d9a-4c48-836b-d172ad01c347;72e122e2-76e3-44aa-a586-0a3f86291d77;18315ef5-0d9a-4c48-836b-d172ad01c347;repairer;2026-08-17 06:11:25.22719+00;2026-08-17 06:11:25.22719+00
e0681548-d214-4f7a-9542-5a26764786e9;2026-08-17;0401E3-00063/013;สกรูหัวเหลี่ยม STL M4x30 แหวนสปริง+อีแปะ+ตัว;8 ตัว;260716005;780d84c1-137e-4d5f-b10c-1cd9f60b9bd1;aee8cef8-8534-459f-94b8-9de40933bee7;dd98b2b3-c0ed-48b6-b3f4-139b89c539c7;aee8cef8-8534-459f-94b8-9de40933bee7;repairer;2026-08-17 07:14:01.328234+00;2026-08-17 07:14:01.328234+00
3eaf4375-c363-41a6-805f-d47f4638fcac;2026-08-18;0401E7-00341/012;ซีลกันน้ำมันTc25-42-7;2ตัว;260815009;a26810ce-5873-44e8-b1c6-4b81e7bf1a2a;18315ef5-0d9a-4c48-836b-d172ad01c347;72e122e2-76e3-44aa-a586-0a3f86291d77;18315ef5-0d9a-4c48-836b-d172ad01c347;repairer;2026-08-18 01:52:47.426813+00;2026-08-18 01:52:47.426813+00
fc17e490-a9d1-46c7-a1a8-064d8a2b4456;2026-08-18;0401E6-00013​/015;หลอดไฟ​ Shining นีออน​LED​Tube​T8;1;260725003;a28c1d2a-8530-4f86-8332-4abfc8ba68cd;6fff3037-214c-4188-8332-997730090207;755d8bf8-abaf-4e67-8c66-c04dab7755d0;6fff3037-214c-4188-8332-997730090207;repairer;2026-08-18 04:20:51.229467+00;2026-08-18 04:20:51.229467+00
e386fec1-991e-4b96-acdc-4689fcccb68c;2026-08-18;0401E4-00415	007;โคมไฟ HIGHBAY IWACHI GKD 043 150W;1;260810001;097a5f9c-865d-4675-b79e-abc3d65a164e;6fff3037-214c-4188-8332-997730090207;755d8bf8-abaf-4e67-8c66-c04dab7755d0;6fff3037-214c-4188-8332-997730090207;repairer;2026-08-18 04:25:30.740667+00;2026-08-18 04:25:30.740667+00
15d97101-e9b2-4be7-acad-5688dca8422f;2026-08-18;0401E4-00451/020;เช็คเอาท์ข้อต่อทางน้ำเข้า+กิ๊ปเครื่องฉีดน้ำแรงดัน;1;260708002;6f660d57-db1c-45cd-ae1d-30422323f9c7;6fff3037-214c-4188-8332-997730090207;755d8bf8-abaf-4e67-8c66-c04dab7755d0;6fff3037-214c-4188-8332-997730090207;repairer;2026-08-18 07:23:51.87007+00;2026-08-18 07:23:51.87007+00
a9b4464e-78ed-4927-b349-757655300c21;2026-08-18;0401E4-00451​/019;หัวปั้ม​ 130​ บาร์เครื่องฉีดน้ำ;1;260708002;6f660d57-db1c-45cd-ae1d-30422323f9c7;6fff3037-214c-4188-8332-997730090207;755d8bf8-abaf-4e67-8c66-c04dab7755d0;6fff3037-214c-4188-8332-997730090207;repairer;2026-08-18 07:23:51.87007+00;2026-08-18 07:23:51.87007+00
cc531eb6-f9de-4ea1-b959-ff45ea628d38;2026-08-18;0401E6-00013​/015;หลอดไฟ​ Shining นีออน​LED​Tube​T8;2;260814013;b37fda2f-e51c-4bb4-b5b3-10bb4a6ff6e6;2600fa0f-deae-4983-a9a4-a6253f0f8ad0;755d8bf8-abaf-4e67-8c66-c04dab7755d0;2600fa0f-deae-4983-a9a4-a6253f0f8ad0;repairer;2026-08-18 07:30:01.142669+00;2026-08-18 07:30:01.142669+00
b9680c43-3f05-42ad-b166-3b6661184f42;2026-08-18;0401E7-00115/001;สวิทลูกศร 25 mm;1ตัว;260818001;e71bb0ce-2220-4d90-a08b-bff5ff85397c;aee8cef8-8534-459f-94b8-9de40933bee7;dd98b2b3-c0ed-48b6-b3f4-139b89c539c7;aee8cef8-8534-459f-94b8-9de40933bee7;repairer;2026-08-18 07:35:52.447342+00;2026-08-18 07:35:52.447342+00
768292c9-2cd6-4103-b233-b2fc9c78bbc2;2026-08-19;0401E4-00146	004;"""ยางรองขาโต๊ะสี่เหลี่ยม 1""""""";4;260722007;98418f0a-fb1a-4d6c-981e-1a9de8df171c;6fff3037-214c-4188-8332-997730090207;755d8bf8-abaf-4e67-8c66-c04dab7755d0;6fff3037-214c-4188-8332-997730090207;repairer;2026-08-19 01:20:50.464504+00;2026-08-19 01:20:50.464504+00
be160cf3-d169-4a2e-bb4b-bdc8c726ce60;2026-08-20;99EXP-00313/001;สายไฮดรอลิกส์;2;260817004;634295d2-4c8b-4cec-a4f0-768942971082;6fff3037-214c-4188-8332-997730090207;755d8bf8-abaf-4e67-8c66-c04dab7755d0;6fff3037-214c-4188-8332-997730090207;repairer;2026-08-20 01:21:40.991022+00;2026-08-20 01:21:40.991022+00
e78871ae-6691-44fd-804f-7d2a329888d0;2026-08-20;99EXP-00313/002;ค่าบริการ​;1;260817004;634295d2-4c8b-4cec-a4f0-768942971082;6fff3037-214c-4188-8332-997730090207;755d8bf8-abaf-4e67-8c66-c04dab7755d0;6fff3037-214c-4188-8332-997730090207;repairer;2026-08-20 01:21:40.991022+00;2026-08-20 01:21:40.991022+00
c40c8410-9508-4a7f-83f3-b0b7051056a5;2026-08-20;0401E1-00056/018;สายพาน PU สีขาว ต่อกลม หนา 2 มิล-กว้าง 49cm. -ยาว1,010cm.;1เส้น;260717008;10ef0af2-1e7a-4f1d-a06e-ef1920b10ccd;aee8cef8-8534-459f-94b8-9de40933bee7;dd98b2b3-c0ed-48b6-b3f4-139b89c539c7;aee8cef8-8534-459f-94b8-9de40933bee7;repairer;2026-08-20 03:33:42.790047+00;2026-08-20 03:33:42.790047+00
ce846684-15ed-49cd-baed-5f8811fd2d2b;2026-08-21;0401E1-00038/001;สายพาน B-42;4เส้น;260819001;9bebfb75-e990-40e3-a79e-cca66714779c;d115f163-f902-496c-9630-73dee8d85e47;72e122e2-76e3-44aa-a586-0a3f86291d77;d115f163-f902-496c-9630-73dee8d85e47;repairer;2026-08-21 01:49:27.322917+00;2026-08-21 01:49:27.322917+00
1b5bbec2-f28b-443c-89ed-41608f6b894e;2026-08-21;0401E6-00013​/015;หลอดไฟ​ Shining นีออน​LED​Tube​T8;14;260818010;d229949f-0389-401b-b46f-46f6aff50281;6fff3037-214c-4188-8332-997730090207;755d8bf8-abaf-4e67-8c66-c04dab7755d0;6fff3037-214c-4188-8332-997730090207;repairer;2026-08-21 07:59:31.733313+00;2026-08-21 07:59:31.733313+00
d0f5e3ee-24d0-4b61-a825-f45061c3fc1b;2026-08-21;1.0401E4-00415	011;โคมกันน้ำกันฝุ่น 2x36W (เฉพาะโคม);1;260819006;9cfc2990-0241-4d0e-abe5-187bf881e03b;6fff3037-214c-4188-8332-997730090207;755d8bf8-abaf-4e67-8c66-c04dab7755d0;6fff3037-214c-4188-8332-997730090207;repairer;2026-08-21 08:16:28.253286+00;2026-08-21 08:16:28.253286+00
34b48ac5-22f5-4384-90bc-9b7ca46dabee;2026-08-21;2.0401E6-00013	015;หลอดไฟ Shining นีออน LED Tube T8;4;260819006;9cfc2990-0241-4d0e-abe5-187bf881e03b;6fff3037-214c-4188-8332-997730090207;755d8bf8-abaf-4e67-8c66-c04dab7755d0;6fff3037-214c-4188-8332-997730090207;repairer;2026-08-21 08:16:28.253286+00;2026-08-21 08:16:28.253286+00
56a08d5e-4716-4525-a0cb-0827c8907d36;2026-08-21;0401E4-00612	008;ปูนฉาบยิปซั่มวินพลาส 1 กก.;2;260716013;1a9c05dc-da5c-4002-8207-04b43dbd124d;6fff3037-214c-4188-8332-997730090207;755d8bf8-abaf-4e67-8c66-c04dab7755d0;6fff3037-214c-4188-8332-997730090207;repairer;2026-08-21 08:29:22.131704+00;2026-08-21 08:29:22.131704+00
c7c97d72-de55-49a2-9286-3c5a4f8f78fb;2026-08-21;0401E8-00099	008;SOLENOD VALVE ทองเหลือง (NC)ขนาด 1/2ไฟ 220W;1;260815004;61840d11-fae9-45cc-8eca-886e3cbc2371;14a61d91-95ef-411a-b313-dae02e0f86a9;72e122e2-76e3-44aa-a586-0a3f86291d77;14a61d91-95ef-411a-b313-dae02e0f86a9;repairer;2026-08-21 08:42:20.848513+00;2026-08-21 08:42:20.848513+00
81ebdf15-5223-4c50-954c-54c84db449a7;2026-08-22;0401E4-00040/014	MAGNETIC Mitsubishi S-T35 220V	1;MAGNETIC Mitsubishi S-T35 220V	1;1;260821002;e96859d1-ef2b-4d92-be9f-525fe9819793;22275234-5a63-4e64-bdd4-07ec11241b46;dd98b2b3-c0ed-48b6-b3f4-139b89c539c7;22275234-5a63-4e64-bdd4-07ec11241b46;repairer;2026-08-22 02:13:54.199752+00;2026-08-22 02:13:54.199752+00
2b4a8492-6082-4c7f-9b0c-46cec3eb4ba0;2026-08-22;0401E1-00056/016;สายพาน PVC สีขาว ต่อกลม หนา 1.5 มิล-กว้าง 54 cm. -ยาว 985cm.  จำนวน 1 เส้น;1;260728002;b46b8e99-5475-4a17-bd21-5e3136999c4f;22275234-5a63-4e64-bdd4-07ec11241b46;dd98b2b3-c0ed-48b6-b3f4-139b89c539c7;22275234-5a63-4e64-bdd4-07ec11241b46;repairer;2026-08-22 02:26:01.336496+00;2026-08-22 02:26:01.336496+00
64ef4e48-e430-4eb1-be66-18200787d4fb;2026-08-22;0401E3-00092/002;เสื้อสกรู L-70;1;260821005;db9a0af2-c0c2-412a-9470-6ba67b4801d5;14a61d91-95ef-411a-b313-dae02e0f86a9;72e122e2-76e3-44aa-a586-0a3f86291d77;14a61d91-95ef-411a-b313-dae02e0f86a9;repairer;2026-08-22 02:52:24.250612+00;2026-08-22 02:52:24.250612+00
c4c26a06-7041-414a-96f8-8d9234e691e7;2026-08-22;0401E3-00091/002;หัวสกรู L70;1;260821005;db9a0af2-c0c2-412a-9470-6ba67b4801d5;14a61d91-95ef-411a-b313-dae02e0f86a9;72e122e2-76e3-44aa-a586-0a3f86291d77;14a61d91-95ef-411a-b313-dae02e0f86a9;repairer;2026-08-22 02:52:24.250612+00;2026-08-22 02:52:24.250612+00
413ff80f-a3b9-48f4-84c1-7eec05532307;2026-08-22;0401E2-00038/005;ลูกปืนกันหลุน51407;1;260821005;db9a0af2-c0c2-412a-9470-6ba67b4801d5;14a61d91-95ef-411a-b313-dae02e0f86a9;72e122e2-76e3-44aa-a586-0a3f86291d77;14a61d91-95ef-411a-b313-dae02e0f86a9;repairer;2026-08-22 02:52:24.250612+00;2026-08-22 02:52:24.250612+00
ba0a624a-d5c0-4943-b84e-9c2f493161bc;2026-08-22;0401E2-00038/006;ลูกปืนกันหลุน51406;1;260821005;db9a0af2-c0c2-412a-9470-6ba67b4801d5;14a61d91-95ef-411a-b313-dae02e0f86a9;72e122e2-76e3-44aa-a586-0a3f86291d77;14a61d91-95ef-411a-b313-dae02e0f86a9;repairer;2026-08-22 02:52:24.250612+00;2026-08-22 02:52:24.250612+00
7dd913c2-b507-43b6-816d-8016d467a829;2026-08-22;0401E2-00038/007;ลูกปืนกันหลุน51410;1;260821005;db9a0af2-c0c2-412a-9470-6ba67b4801d5;14a61d91-95ef-411a-b313-dae02e0f86a9;72e122e2-76e3-44aa-a586-0a3f86291d77;14a61d91-95ef-411a-b313-dae02e0f86a9;repairer;2026-08-22 02:52:24.250612+00;2026-08-22 02:52:24.250612+00
82fe454f-380c-4f79-820a-4ff6d04cc174;2026-08-22;0401E2-00106/001;ลูกปืน30307-J2/QSKF;1;260821005;db9a0af2-c0c2-412a-9470-6ba67b4801d5;14a61d91-95ef-411a-b313-dae02e0f86a9;72e122e2-76e3-44aa-a586-0a3f86291d77;14a61d91-95ef-411a-b313-dae02e0f86a9;repairer;2026-08-22 02:52:24.250612+00;2026-08-22 02:52:24.250612+00
fa3d1c0a-6e24-4043-8747-0561369375af;2026-08-22;0401E2-00107/001;ลูกปืนNJ307-ECP/SK;1;260821005;db9a0af2-c0c2-412a-9470-6ba67b4801d5;14a61d91-95ef-411a-b313-dae02e0f86a9;72e122e2-76e3-44aa-a586-0a3f86291d77;14a61d91-95ef-411a-b313-dae02e0f86a9;repairer;2026-08-22 02:52:24.250612+00;2026-08-22 02:52:24.250612+00
42a3b5f9-3aa9-48b7-bdd3-3f8d08f223fc;2026-08-22;0401E2-00105/001;ลูกปืน32212;1;260821005;db9a0af2-c0c2-412a-9470-6ba67b4801d5;14a61d91-95ef-411a-b313-dae02e0f86a9;72e122e2-76e3-44aa-a586-0a3f86291d77;14a61d91-95ef-411a-b313-dae02e0f86a9;repairer;2026-08-22 02:52:24.250612+00;2026-08-22 02:52:24.250612+00
d201f114-e00e-42d4-9b1f-b4558511c8ca;2026-08-22;0401E2-00149/001;ลูกปืน33209;1;260821005;db9a0af2-c0c2-412a-9470-6ba67b4801d5;14a61d91-95ef-411a-b313-dae02e0f86a9;72e122e2-76e3-44aa-a586-0a3f86291d77;14a61d91-95ef-411a-b313-dae02e0f86a9;repairer;2026-08-22 02:52:24.250612+00;2026-08-22 02:52:24.250612+00
19567d14-aeb3-4b42-a3d8-09d4c5cb7869;2026-08-22;0401E2-00110/001;ลูกปืน32202;1;260821005;db9a0af2-c0c2-412a-9470-6ba67b4801d5;14a61d91-95ef-411a-b313-dae02e0f86a9;72e122e2-76e3-44aa-a586-0a3f86291d77;14a61d91-95ef-411a-b313-dae02e0f86a9;repairer;2026-08-22 02:52:24.250612+00;2026-08-22 02:52:24.250612+00
da648a68-78c2-4164-8bd7-c15d81eefdce;2026-08-22;0401E7-00341/020;ชฺศชีสกันน้ำมันtc-35*52*8;2;260821005;db9a0af2-c0c2-412a-9470-6ba67b4801d5;14a61d91-95ef-411a-b313-dae02e0f86a9;72e122e2-76e3-44aa-a586-0a3f86291d77;14a61d91-95ef-411a-b313-dae02e0f86a9;repairer;2026-08-22 02:52:24.250612+00;2026-08-22 02:52:24.250612+00
065c06ca-51f1-44be-8253-747fbac33f11;2026-08-22;0401E4-00559/002;กาวแดง;1;260821005;db9a0af2-c0c2-412a-9470-6ba67b4801d5;14a61d91-95ef-411a-b313-dae02e0f86a9;72e122e2-76e3-44aa-a586-0a3f86291d77;14a61d91-95ef-411a-b313-dae02e0f86a9;repairer;2026-08-22 02:52:24.250612+00;2026-08-22 02:52:24.250612+00
7b8ff008-3f1d-4098-9b45-d2e638418de6;2026-08-22;0401E8-00305/001;เสปรย์ล้างคอนแท็ค;1;260821005;db9a0af2-c0c2-412a-9470-6ba67b4801d5;14a61d91-95ef-411a-b313-dae02e0f86a9;72e122e2-76e3-44aa-a586-0a3f86291d77;14a61d91-95ef-411a-b313-dae02e0f86a9;repairer;2026-08-22 02:52:24.250612+00;2026-08-22 02:52:24.250612+00
796113be-8245-4db0-9c0b-4a32aa3f2708;2026-08-22;0401E2-00158/001;ลูกปืน32211 SKF;2;260821005;db9a0af2-c0c2-412a-9470-6ba67b4801d5;14a61d91-95ef-411a-b313-dae02e0f86a9;72e122e2-76e3-44aa-a586-0a3f86291d77;14a61d91-95ef-411a-b313-dae02e0f86a9;repairer;2026-08-22 02:52:24.250612+00;2026-08-22 02:52:24.250612+00
9e426ffc-a82a-41b6-ada7-81f9eafe88cc;2026-08-22;0401E1-00056/016;สายพาน PVC สีขาว ต่อกลม หนา 1.5 มิล-กว้าง 54 cm. -ยาว 985cm.  จำนวน 1 เส้น;1;260813008;484bf1ca-b9f3-48ca-a512-86a04dfff7ca;22275234-5a63-4e64-bdd4-07ec11241b46;dd98b2b3-c0ed-48b6-b3f4-139b89c539c7;22275234-5a63-4e64-bdd4-07ec11241b46;repairer;2026-08-22 02:55:49.628848+00;2026-08-22 02:55:49.628848+00
eaff6396-61c3-4fa3-bdce-163ac698b0ea;2026-08-25;0401E7-00054/007;"บอล์วาล์ว1/4""ทองเหลือง";1ตัว;260824001;6246c8fd-0278-45a9-972f-bdbe4cc3fc33;18315ef5-0d9a-4c48-836b-d172ad01c347;72e122e2-76e3-44aa-a586-0a3f86291d77;18315ef5-0d9a-4c48-836b-d172ad01c347;repairer;2026-08-25 02:50:27.538668+00;2026-08-25 02:50:27.538668+00
5ad486cd-5394-4bc4-879b-758eac25b97a;2026-08-25;0401E7-00207/003;"สวิทpush Buttonปิด-เปิดมีไฟ""Tend"" Tend T21 TLสีเหลืองIc220v";1ตัว;260824002;6a81f5f2-979d-4ffa-b0f8-a4474b1d72e1;18315ef5-0d9a-4c48-836b-d172ad01c347;72e122e2-76e3-44aa-a586-0a3f86291d77;18315ef5-0d9a-4c48-836b-d172ad01c347;repairer;2026-08-25 02:54:02.679331+00;2026-08-25 02:54:02.679331+00
f8f23a49-5e4c-4e9d-b84d-0067dad1c212;2026-08-25;0401E2-00013/001;ลูกปืนUCP 205;4 ชุด;260822001;6aaf6b13-79a3-4032-8d47-12688f58aa20;d115f163-f902-496c-9630-73dee8d85e47;72e122e2-76e3-44aa-a586-0a3f86291d77;d115f163-f902-496c-9630-73dee8d85e47;repairer;2026-08-25 04:00:19.303748+00;2026-08-25 04:00:19.303748+00
29286bdc-a0b5-4c6c-b285-65c60fe57279;2026-08-25;0401E7-00442/021;ขาสามสีแผ่นสแตนเลสหนา10มิลกว้าง22มิลยาว110มิลทำรู16มิลทำรู6.5มิลเจาะรูต๊าปเกลียว6มิล;4ตัว;260805003;211b9c81-1313-4a44-adf4-6a6b871d7537;18315ef5-0d9a-4c48-836b-d172ad01c347;72e122e2-76e3-44aa-a586-0a3f86291d77;18315ef5-0d9a-4c48-836b-d172ad01c347;repairer;2026-08-25 06:09:16.669222+00;2026-08-25 06:09:16.669222+00
80a2d95f-7dbe-4274-8d0f-7475e703e0fe;2026-08-25;0401E4-00068/012;ล้อขนาด 3นิ้ว;4 ล้อ;260825003;0562a1ea-d82d-47e8-8242-5ce15c542172;2600fa0f-deae-4983-a9a4-a6253f0f8ad0;755d8bf8-abaf-4e67-8c66-c04dab7755d0;2600fa0f-deae-4983-a9a4-a6253f0f8ad0;repairer;2026-08-25 07:10:10.458795+00;2026-08-25 07:10:10.458795+00
c3b9892b-37bc-4267-a45d-a342dcfb6518;2026-08-26;0401E2-00057/002;ลูกปืน sk004;2;260821001;9b9e78a4-4cdc-45da-ab13-594b41d83e88;bd10cd0f-07af-4f58-87d9-595a76cd55f5;dd98b2b3-c0ed-48b6-b3f4-139b89c539c7;bd10cd0f-07af-4f58-87d9-595a76cd55f5;repairer;2026-08-26 08:03:25.186528+00;2026-08-26 08:03:25.186528+00
76f20e61-557f-4c41-8a1b-bd0a44f79d9f;2026-08-27;0401E4-00176	013;แบตเตอรี่แห้ง 6V 1.3AHใบแจ้งซ่อม;1;260824006;eeab0f64-3316-44a0-aac5-d9e7f4d9514e;22275234-5a63-4e64-bdd4-07ec11241b46;dd98b2b3-c0ed-48b6-b3f4-139b89c539c7;22275234-5a63-4e64-bdd4-07ec11241b46;repairer;2026-08-27 02:54:00.247522+00;2026-08-27 02:54:00.247522+00
03829147-8a69-41ef-9912-e453e4c7e6ae;2026-08-28;0401E4-00202	005;กาวร้อนติดสายพาน 20G   1ชิ้;1;260814018;123a2c32-4a66-431e-b4fe-d7897b328aea;22275234-5a63-4e64-bdd4-07ec11241b46;dd98b2b3-c0ed-48b6-b3f4-139b89c539c7;22275234-5a63-4e64-bdd4-07ec11241b46;repairer;2026-08-28 02:38:21.984961+00;2026-08-28 02:38:21.984961+00
77899a34-832a-4609-bb39-ff6533251232;2026-08-29;0401E4-00147/002;"พัดลมตู้คอนโทรน6""220v";1;260827003;0bc0ef57-c75e-4f90-8375-ed82c32c9424;18315ef5-0d9a-4c48-836b-d172ad01c347;72e122e2-76e3-44aa-a586-0a3f86291d77;18315ef5-0d9a-4c48-836b-d172ad01c347;repairer;2026-08-29 04:13:59.111726+00;2026-08-29 04:13:59.111726+00
dbaeb33c-612f-48fa-90df-071e5379e7a1;2026-08-29;0401E4-00267/004;ก๊อกสนาม;1;260828002;97e19280-f19d-4596-8378-9581774a85fb;2600fa0f-deae-4983-a9a4-a6253f0f8ad0;755d8bf8-abaf-4e67-8c66-c04dab7755d0;2600fa0f-deae-4983-a9a4-a6253f0f8ad0;repairer;2026-08-29 07:41:07.281696+00;2026-08-29 07:41:07.281696+00
1081b031-bd77-4f38-8fba-13257580cca6;2026-08-29;0401E4-00471/002;อ่างล้างมือ;1;260815006;82c1762b-58a0-4349-a904-a2c0b43a43e3;2600fa0f-deae-4983-a9a4-a6253f0f8ad0;755d8bf8-abaf-4e67-8c66-c04dab7755d0;2600fa0f-deae-4983-a9a4-a6253f0f8ad0;repairer;2026-08-29 07:42:56.387269+00;2026-08-29 07:42:56.387269+00
41139e3f-e711-4f6f-8c5a-3b768454ca3d;2026-08-31;0401E4-00050/037;สีน้ำครับ;1;260829001;19e1289e-6223-4465-bb5d-05a43dd121e0;2600fa0f-deae-4983-a9a4-a6253f0f8ad0;755d8bf8-abaf-4e67-8c66-c04dab7755d0;2600fa0f-deae-4983-a9a4-a6253f0f8ad0;repairer;2026-08-31 01:56:13.109323+00;2026-08-31 01:56:13.109323+00
f243c803-44df-4c1e-a80e-025a289f08d3;2026-08-31;0401E4-00612/008;ปูนฉาบสีขาวผนัง;1;260827001;a5db6c95-dc33-4d99-bd88-b3a40205f690;2600fa0f-deae-4983-a9a4-a6253f0f8ad0;755d8bf8-abaf-4e67-8c66-c04dab7755d0;2600fa0f-deae-4983-a9a4-a6253f0f8ad0;repairer;2026-08-31 03:21:59.798624+00;2026-08-31 03:21:59.798624+00
fa436ae3-549f-45c6-b8d7-0d5c170f8de4;2026-08-31;0401E8-00083/002;Emergency stop 22mm. 1NC;1ตัว;260829009;916959c2-133c-4648-a0cb-fde368c45e7a;aee8cef8-8534-459f-94b8-9de40933bee7;dd98b2b3-c0ed-48b6-b3f4-139b89c539c7;aee8cef8-8534-459f-94b8-9de40933bee7;repairer;2026-08-31 07:27:57.363466+00;2026-08-31 07:27:57.363466+00
3618906b-8f40-4225-87c5-e9e96af3b884;2026-08-31;0401E4-00147/004 0401E4-00147/005;พัดลมตู้คอลโทรล 8 นิ้ว /ตัวปรับความเร็ว Dimer;1ตัว;260824004;8b7c50d8-a82f-42e9-bed5-d8a4542adfd9;bd10cd0f-07af-4f58-87d9-595a76cd55f5;dd98b2b3-c0ed-48b6-b3f4-139b89c539c7;bd10cd0f-07af-4f58-87d9-595a76cd55f5;repairer;2026-08-31 08:12:15.344253+00;2026-08-31 08:12:15.344253+00
219794a6-f150-4553-bc2f-a22b0cd681d6;2026-09-01;0401E4-00026	001;ปลั๊กตัวผู้แบบยาง 3 ขา;1;260819004;101b8d0a-b681-4d60-bc44-8f67c57fb615;6fff3037-214c-4188-8332-997730090207;755d8bf8-abaf-4e67-8c66-c04dab7755d0;6fff3037-214c-4188-8332-997730090207;repairer;2026-09-01 01:58:27.57021+00;2026-09-01 01:58:27.57021+00
4a92382d-3c27-4e97-92f8-afe104496642;2026-09-02;0401E4-00026/001;ปลั๊กตัวผู้แบบยาง 3 ขา;1 ตัว;260902001;5b4ee6f3-8b6f-4e81-bdae-e10860d41687;d115f163-f902-496c-9630-73dee8d85e47;72e122e2-76e3-44aa-a586-0a3f86291d77;d115f163-f902-496c-9630-73dee8d85e47;repairer;2026-09-02 02:35:25.227234+00;2026-09-02 02:35:25.227234+00
4c1dbacf-fb73-417b-bed6-6aae909e4351;2026-09-02;0301103-020003/001;ถาดตะแกรงสแตนเลส27.5*39.5 ซม.;4;260713004;4fcd6dae-d8a6-4a53-8deb-9d003695be8b;6fff3037-214c-4188-8332-997730090207;755d8bf8-abaf-4e67-8c66-c04dab7755d0;6fff3037-214c-4188-8332-997730090207;repairer;2026-09-02 10:03:01.31024+00;2026-09-02 10:03:01.31024+00
dfa6e84e-9edc-4a8f-99e7-8a05ef74fd16;2026-09-04;0401E8-00217/009;ล้อยูริเทน 2 นิ้ว ล้อหมุนได้พร้อมเบรค;2;260814011;00481566-aa28-46df-98ff-516017939703;22275234-5a63-4e64-bdd4-07ec11241b46;dd98b2b3-c0ed-48b6-b3f4-139b89c539c7;22275234-5a63-4e64-bdd4-07ec11241b46;repairer;2026-09-04 04:06:53.92235+00;2026-09-04 04:06:53.92235+00
8bd253d3-9c92-4d2d-af94-7a4d606f8c1a;2026-09-04;0401E8-00217/006;ล้อยูริเทน 2 นิ้ว (เป็น);2;260814012;0ac5ff17-de56-4635-95dc-1405ab4a02e4;22275234-5a63-4e64-bdd4-07ec11241b46;dd98b2b3-c0ed-48b6-b3f4-139b89c539c7;22275234-5a63-4e64-bdd4-07ec11241b46;repairer;2026-09-04 04:12:54.816456+00;2026-09-04 04:12:54.816456+00
5c052b15-6d4c-4974-b846-c7ada7b82784;2026-09-04;0401E8-00217/009;ล้อยูริเทน 2 นิ้ว ล้อหมุนได้พร้อมเบรค;2;260814012;0ac5ff17-de56-4635-95dc-1405ab4a02e4;22275234-5a63-4e64-bdd4-07ec11241b46;dd98b2b3-c0ed-48b6-b3f4-139b89c539c7;22275234-5a63-4e64-bdd4-07ec11241b46;repairer;2026-09-04 04:12:54.816456+00;2026-09-04 04:12:54.816456+00
da6cf157-63cd-42f3-a66f-1912655dd82d;2026-09-04;0401E4-00068/012;ล้อ 3นิ้ว;4;260819003;4816762e-f82e-4519-8cc2-5524682cd037;2600fa0f-deae-4983-a9a4-a6253f0f8ad0;755d8bf8-abaf-4e67-8c66-c04dab7755d0;2600fa0f-deae-4983-a9a4-a6253f0f8ad0;repairer;2026-09-04 07:47:20.155808+00;2026-09-04 07:47:20.155808+00
7da314ef-8fde-4a6d-b9c3-6c767ed6556a;2026-09-04;0401E4-00348/001;นำ้ยาR22;60 ปอนด์;260831002;29413c77-75f7-4ff2-852a-59599ebd9513;6fff3037-214c-4188-8332-997730090207;755d8bf8-abaf-4e67-8c66-c04dab7755d0;6fff3037-214c-4188-8332-997730090207;repairer;2026-09-04 07:57:45.161666+00;2026-09-04 07:57:45.161666+00
c005dd72-8582-42cd-8c7e-836afb6d84d2;2026-09-04;0401E4-00591/001;ผงโซดา;1 ถุง;260828003;222630a7-b45c-4223-87ac-6655abbface3;6fff3037-214c-4188-8332-997730090207;755d8bf8-abaf-4e67-8c66-c04dab7755d0;6fff3037-214c-4188-8332-997730090207;repairer;2026-09-04 08:02:11.825156+00;2026-09-04 08:02:11.825156+00
46c7609b-9bdc-4aba-aaa6-78a5d6b6fcdd;2026-09-05;0401E8-00674/007;"สายยางฟู๊ดเกรดpras-foodขนาด1""1/4""";120cm.;260902009;376c3509-ea7f-484f-b21f-d8d74ae8befc;18315ef5-0d9a-4c48-836b-d172ad01c347;72e122e2-76e3-44aa-a586-0a3f86291d77;18315ef5-0d9a-4c48-836b-d172ad01c347;repairer;2026-09-05 01:48:44.886366+00;2026-09-05 01:48:44.886366+00
3b21208a-f3b0-4ff9-9d6b-be2041d311b3;2026-09-05;0401E8-00169	008;ใบพัดลม ขนาด 16 นิ้ว ฮาตาริ;1;260902003;ef621afe-5838-47e4-8723-9fa7a584df63;6fff3037-214c-4188-8332-997730090207;755d8bf8-abaf-4e67-8c66-c04dab7755d0;6fff3037-214c-4188-8332-997730090207;repairer;2026-09-05 02:45:09.950086+00;2026-09-05 02:45:09.950086+00
fd88ab5a-49c5-41da-a3f4-e407fe556dc1;2026-09-05;0401E8-00436/008;HSW-25*152-110V-300W;2;260903002;fb87a865-1e39-4a1c-bebf-64c2686c0c85;bd10cd0f-07af-4f58-87d9-595a76cd55f5;dd98b2b3-c0ed-48b6-b3f4-139b89c539c7;bd10cd0f-07af-4f58-87d9-595a76cd55f5;repairer;2026-09-05 02:56:47.216243+00;2026-09-05 02:56:47.216243+00
712ab559-e31a-47ef-8cc1-0fd550d03cfc;2026-09-07;99EXP-00381/001;99EXP-00381/001 ค่าซ่อมเครื่องร่อนแป้ง มอเตอร์หน้าแปลน 02109/2026 0.75 KW 4 POLE 220/380V.;1งาน;260819009;ac88349e-13a7-4bd6-83e2-6f66bfda34cc;14a61d91-95ef-411a-b313-dae02e0f86a9;72e122e2-76e3-44aa-a586-0a3f86291d77;14a61d91-95ef-411a-b313-dae02e0f86a9;repairer;2026-09-07 03:59:03.617408+00;2026-09-07 03:59:03.617408+00
e9d5cea2-d9f4-43d0-a7dd-aefa467ac620;2026-09-07;0401E8-00066    003;ตู้คอลโทรล No.00 20*30*15;1;260904002;044b6d9a-c39f-481e-870b-52255043d4c1;14a61d91-95ef-411a-b313-dae02e0f86a9;72e122e2-76e3-44aa-a586-0a3f86291d77;14a61d91-95ef-411a-b313-dae02e0f86a9;repairer;2026-09-07 04:04:38.965611+00;2026-09-07 04:04:38.965611+00
4feb562d-9c03-48c4-80d6-b2adfe0abce0;2026-09-07;"0401E8-00100    012    ""TIMER """"Cikachi Timer AH3D + Socket""";"""TIMER """"Cikachi Timer AH3D + Socket""";1;260904002;044b6d9a-c39f-481e-870b-52255043d4c1;14a61d91-95ef-411a-b313-dae02e0f86a9;72e122e2-76e3-44aa-a586-0a3f86291d77;14a61d91-95ef-411a-b313-dae02e0f86a9;repairer;2026-09-07 04:04:38.965611+00;2026-09-07 04:04:38.965611+00
8bd5a81b-8b8b-4868-8294-66493887a020;2026-09-07;0401E8-00074    007    รีเลย์ MY4N 220 VAC 1 ตัว;รีเลย์ MY4N 220 VAC 1 ตัว;1;260904002;044b6d9a-c39f-481e-870b-52255043d4c1;14a61d91-95ef-411a-b313-dae02e0f86a9;72e122e2-76e3-44aa-a586-0a3f86291d77;14a61d91-95ef-411a-b313-dae02e0f86a9;repairer;2026-09-07 04:04:38.965611+00;2026-09-07 04:04:38.965611+00
2fe63f7d-8809-456f-90eb-977c42344082;2026-09-07;0401E3-00063    016    สกรูหัวเหลี่ยม STL M6x25 แหวนสปริง+อีแปะ+ตัวเมีย จำนวน 20 ชุด;สกรูหัวเหลี่ยม STL M6x25 แหวนสปริง+อีแปะ+ตัวเมีย จำนวน 20 ชุด;20;260904002;044b6d9a-c39f-481e-870b-52255043d4c1;14a61d91-95ef-411a-b313-dae02e0f86a9;72e122e2-76e3-44aa-a586-0a3f86291d77;14a61d91-95ef-411a-b313-dae02e0f86a9;repairer;2026-09-07 04:04:38.965611+00;2026-09-07 04:04:38.965611+00
3e19ff12-646f-4ddb-a422-b05dd2245f86;2026-09-07;1 0401E2-00110/001;ตลับลูกปืน 32209 J2/Q SKF;1;260902010;042fa9d5-8a22-4a60-ac9d-04d6d4359766;14a61d91-95ef-411a-b313-dae02e0f86a9;72e122e2-76e3-44aa-a586-0a3f86291d77;14a61d91-95ef-411a-b313-dae02e0f86a9;repairer;2026-09-07 04:06:45.609839+00;2026-09-07 04:06:45.609839+00
328c7996-6b7a-4adf-b6c6-8f5b4562e7f4;2026-09-07;0401E6-00013;หลอดยาวครับ;1;260827002;a559d77e-5688-4abf-9bce-8f6f514164a5;2600fa0f-deae-4983-a9a4-a6253f0f8ad0;755d8bf8-abaf-4e67-8c66-c04dab7755d0;2600fa0f-deae-4983-a9a4-a6253f0f8ad0;repairer;2026-09-07 08:57:36.059146+00;2026-09-07 08:57:36.059146+00
0515e66c-9d05-4f64-a6c3-286e259cf23f;2026-09-08;0401E4-00415	007;โคมไฟ HIGHBAY IWACHI GKD 043 150W;2โคม;260825009;3e8cb38d-4da3-4df7-b256-67b39d446663;6fff3037-214c-4188-8332-997730090207;755d8bf8-abaf-4e67-8c66-c04dab7755d0;6fff3037-214c-4188-8332-997730090207;repairer;2026-09-08 07:43:44.855987+00;2026-09-08 07:43:44.855987+00
8d67c513-92a4-499a-9cc1-448326e4dba0;2026-09-08;0401E4-00415	007;โคมไฟ HIGHBAY IWACHI GKD 043 150W;2 โคม;260825001;513b4a8d-4e96-4739-b2cb-b62aa0e6edea;6fff3037-214c-4188-8332-997730090207;755d8bf8-abaf-4e67-8c66-c04dab7755d0;6fff3037-214c-4188-8332-997730090207;repairer;2026-09-08 07:46:22.763593+00;2026-09-08 07:46:22.763593+00
f0176447-f98d-41e8-ac3e-02c5f1c6761b;2026-09-08;0401E4-00267	010;ก๊อกอ่างล้างจานติดเคาน์เตอร์;1 ตัว;260908004;e511ee7d-88a4-470c-bff1-adfbc585ad97;6fff3037-214c-4188-8332-997730090207;755d8bf8-abaf-4e67-8c66-c04dab7755d0;6fff3037-214c-4188-8332-997730090207;repairer;2026-09-08 07:57:05.909033+00;2026-09-08 07:57:05.909033+00
203dbfd2-f8b8-4ef3-adf0-09340a440e3c;2026-09-08;0401E4-00722 001;แผ่นยางรองกันกระแทก;1;260902019;9d804dc9-f3c2-4223-aa2c-eb04ddd5295c;2600fa0f-deae-4983-a9a4-a6253f0f8ad0;755d8bf8-abaf-4e67-8c66-c04dab7755d0;2600fa0f-deae-4983-a9a4-a6253f0f8ad0;repairer;2026-09-08 08:56:57.931481+00;2026-09-08 08:56:57.931481+00
60aebb67-1076-4695-84e3-7ecc41aecf75;2026-09-08;0401E4-00202 004  กาวยางดราก้า จำนวน​ 2​ กระป๋อง;กาวยางดราก้า;1;260902019;9d804dc9-f3c2-4223-aa2c-eb04ddd5295c;2600fa0f-deae-4983-a9a4-a6253f0f8ad0;755d8bf8-abaf-4e67-8c66-c04dab7755d0;2600fa0f-deae-4983-a9a4-a6253f0f8ad0;repairer;2026-09-08 08:56:57.931481+00;2026-09-08 08:56:57.931481+00
38e01193-2148-4277-b2fd-b4a924fb7965;2026-09-09;0401E4-00122/006;"""เคเบิลไท สแตนเลส 8""""""";15;260901009;298de89a-756f-4d0b-af59-c4a6ddac35f2;22275234-5a63-4e64-bdd4-07ec11241b46;dd98b2b3-c0ed-48b6-b3f4-139b89c539c7;22275234-5a63-4e64-bdd4-07ec11241b46;repairer;2026-09-09 06:35:31.880408+00;2026-09-09 06:35:31.880408+00
9b8208f5-4c5f-40f3-a6f5-e7842d700404;2026-09-09;0401E4-00122/006;"""เคเบิลไท สแตนเลส 8""""""";15;260901007;21096b11-5a16-4f52-a9a6-acce0a370804;22275234-5a63-4e64-bdd4-07ec11241b46;dd98b2b3-c0ed-48b6-b3f4-139b89c539c7;22275234-5a63-4e64-bdd4-07ec11241b46;repairer;2026-09-09 06:39:22.491165+00;2026-09-09 06:39:22.491165+00
f8d05ad0-45ef-4d7e-be5b-4c160b554e4e;2026-09-09;0401E6-00013	015;หลอดไฟ Shining นีออน LED Tube T8 SIMGUARD HGH LUMEN 18W;3หลอด;260826004;6153a7c9-a15f-4baf-bc85-f2b915385ed2;2600fa0f-deae-4983-a9a4-a6253f0f8ad0;755d8bf8-abaf-4e67-8c66-c04dab7755d0;2600fa0f-deae-4983-a9a4-a6253f0f8ad0;repairer;2026-09-09 08:40:10.428369+00;2026-09-09 08:40:10.428369+00
aee494d1-6c08-4bb1-9a42-b3fcc47e89cc;2026-09-11;0401E1-00109	001;สายพาน A-84 BANDO;1 เส้น;260908003;bed06bef-7edd-4e48-96b2-9da5b7c2acd3;6fff3037-214c-4188-8332-997730090207;755d8bf8-abaf-4e67-8c66-c04dab7755d0;6fff3037-214c-4188-8332-997730090207;repairer;2026-09-11 02:15:36.142088+00;2026-09-11 02:15:36.142088+00
7d8025dd-6bbd-48ae-86f0-8a930bc6c7ab;2026-09-11;0401E7-00341/012;ซีลTc25-42-7;2ตัว;260907001;c2631552-8795-43eb-9da6-1f23253b95f0;18315ef5-0d9a-4c48-836b-d172ad01c347;72e122e2-76e3-44aa-a586-0a3f86291d77;18315ef5-0d9a-4c48-836b-d172ad01c347;repairer;2026-09-11 02:21:21.588846+00;2026-09-11 02:21:21.588846+00
3b5b7231-f4de-407d-be11-a2976dda067e;2026-09-11;0401E2-00065/002;ลูกปืน 6004 zz T200c swc;2 ตลับ;260910002;f5f28604-21ce-49c2-8b36-e23fd0178bed;d115f163-f902-496c-9630-73dee8d85e47;72e122e2-76e3-44aa-a586-0a3f86291d77;d115f163-f902-496c-9630-73dee8d85e47;repairer;2026-09-11 02:22:41.218801+00;2026-09-11 02:22:41.218801+00
e8bdc46c-1641-4245-b4d1-1320d8bfe76a;2026-09-11;0401E1-00495/007;สายพาน CB2VM07W SIZE W=350 mm.×L=2100 mm.;1 เส้น;260910005;d2686035-7e71-456f-8fe0-e947fb5e593c;d115f163-f902-496c-9630-73dee8d85e47;72e122e2-76e3-44aa-a586-0a3f86291d77;d115f163-f902-496c-9630-73dee8d85e47;repairer;2026-09-11 02:26:06.899909+00;2026-09-11 02:26:06.899909+00
e81fbd4f-fe3e-4556-8877-9cbb12731c35;2026-09-12;0401E4-00122/006;"""เคเบิลไท สแตนเลส 8""""""";35;260901006;dd367b99-bf32-4d4e-a487-28a7e3994f86;22275234-5a63-4e64-bdd4-07ec11241b46;dd98b2b3-c0ed-48b6-b3f4-139b89c539c7;22275234-5a63-4e64-bdd4-07ec11241b46;repairer;2026-09-12 02:48:15.605426+00;2026-09-12 02:48:15.605426+00
e822b491-5039-4587-8075-771ff7c1d469;2026-09-12;0401E4-00122/007;"""เคเบิลไท สแตนเลส 12""""""";12;260901006;dd367b99-bf32-4d4e-a487-28a7e3994f86;22275234-5a63-4e64-bdd4-07ec11241b46;dd98b2b3-c0ed-48b6-b3f4-139b89c539c7;22275234-5a63-4e64-bdd4-07ec11241b46;repairer;2026-09-12 02:48:15.605426+00;2026-09-12 02:48:15.605426+00
7b6e7c05-f7cd-4c63-8a7f-641aa8e24db1;2026-09-14;0401E7-00178/001;Pressure Gege 2.5 pe 1/4;1 ตัว;260910004;665bb6b6-93db-4db5-9cc5-1a873115b0fe;d115f163-f902-496c-9630-73dee8d85e47;72e122e2-76e3-44aa-a586-0a3f86291d77;d115f163-f902-496c-9630-73dee8d85e47;repairer;2026-09-14 01:49:14.856222+00;2026-09-14 01:49:14.856222+00
30d2f692-eee2-4b32-bad9-01568c6c2941;2026-09-14;0401E8-00674    014;Silicone Tube Food Gard Beer Ljne สายยางชิลิโคนแบบใส ท่อชิลิโคนสายเบียร์ เกรดอาหาร ขนาด 4*6  ยาว 1ม. (เบิกเป็นเมตร);1.2 เมตร;260911002;cff5f97c-3cdc-4193-8fa9-f5d3fef0875f;14a61d91-95ef-411a-b313-dae02e0f86a9;72e122e2-76e3-44aa-a586-0a3f86291d77;14a61d91-95ef-411a-b313-dae02e0f86a9;repairer;2026-09-14 01:53:58.25172+00;2026-09-14 01:53:58.25172+00
afd7ea31-e494-4c46-bd7d-e7d7668bccaa;2026-09-14;0499ZZ-00029/001;ตาข่ายอวนไก่สำเร็จรูปล้านเชือกขนาด 1.5*7.5เมตร;8 อัน;260724003;203236e5-6d1a-4ad0-b74e-1621550f22d1;6fff3037-214c-4188-8332-997730090207;755d8bf8-abaf-4e67-8c66-c04dab7755d0;6fff3037-214c-4188-8332-997730090207;repairer;2026-09-14 03:10:39.894535+00;2026-09-14 03:10:39.894535+00
2f7b642e-af2a-47a3-82c4-cb2ceaea55d3;2026-09-14;0499ZZ-00029/001;ตาข่ายอวนไก่สำเร็จรูปล้านเชือกขนาด 1.5*7.5 เมตร;8อัน;260807003;fb110cff-0348-4edd-8f3c-979225435941;6fff3037-214c-4188-8332-997730090207;755d8bf8-abaf-4e67-8c66-c04dab7755d0;6fff3037-214c-4188-8332-997730090207;repairer;2026-09-14 03:14:46.10321+00;2026-09-14 03:14:46.10321+00